,count
like,1373
don,1050
got,972
just,828
know,810
ain,669
shit,657
cause,628
fuck,529
ll,522
nigga,507
yeah,454
love,436
let,429
bitch,411
em,402
oh,355
say,350
wanna,344
notorious,344
come,334
niggas,329
make,318
time,315
want,308
ya,282
man,265
ass,260
right,252
uh,249
life,244
way,244
gon,227
dre,222
yo,216
baby,214
money,211
big,210
think,203
tell,200
day,196
hit,192
need,187
look,187
said,185
gotta,183
fuckin,183
run,180
girl,168
head,165
party,163
ma,161
real,161
bitches,156
feel,156
little,153
cover,151
ve,151
till,146
gonna,145
really,145
new,143
art,141
hey,138
game,137
good,135
stop,135
better,134
bad,131
long,128
play,126
fucking,125
leave,122
rap,122
world,119
shady,118
boy,117
night,117
2pac,116
hard,114
beat,113
live,113
huh,112
came,112
til,111
talk,110
damn,108
god,106
50,105
turn,103
crazy,103
told,103
did,100
west,99
people,99
black,99
cut,98
girls,97
club,97
bring,97
bout,96
high,96
break,95
doc,95
thing,93
mad,92
niggaz,92
start,91
hot,91
die,91
smoke,90
house,90
won,90
comin,90
motherfucker,88
hold,88
blow,88
hoes,88
cuz,87
face,87
check,86
hear,86
slim,86
ladies,85
wit,84
drop,84
mean,83
didn,82
ride,81
california,81
watch,79
left,79
things,79
dick,79
stay,79
hands,78
coast,78
everybody,78
old,77
try,77
ask,76
low,76
wrong,76
hell,76
straight,75
eminem,75
cent,74
dead,73
hood,73
white,73
mic,72
rock,72
jump,72
young,72
dust,71
going,71
goin,71
tryna,71
dogg,71
home,70
ha,70
thought,70
lookin,70
hate,69
ball,69
body,69
tonight,68
rubbers,68
car,68
act,68
problem,67
lil,67
went,67
roll,67
pop,67
mind,66
kill,66
inside,65
walk,65
place,65
sick,64
pain,64
king,63
spit,63
getting,63
comes,62
blood,62
daddy,62
na,61
street,61
heard,61
gettin,61
care,60
lights,60
fucked,60
tryin,60
mouth,60
city,60
hope,60
gone,60
catch,59
la,59
snoop,59
cold,59
friends,59
fight,59
dr,59
biggie,58
gun,58
hand,58
verse,58
sit,58
nothin,58
runnin,57
pay,57
away,57
throw,56
lot,56
started,56
streets,55
cha,55
doctor,55
bust,55
weed,55
living,55
motherfuckin,55
believe,55
best,55
paper,55
pull,55
haha,55
compton,55
motherfuckers,54
supposed,54
round,54
hol,54
word,54
ready,53
music,53
listen,53
end,53
talkin,53
set,53
shot,53
wouldn,53
remember,52
shoot,52
mr,52
okay,51
used,51
close,51
mix,51
style,50
seen,50
probably,50
caught,50
guess,49
heart,49
somethin,49
gets,49
kid,49
bottle,48
homies,48
line,48
ooh,48
self,48
soon,48
sayin,48
trying,48
step,47
bang,47
eazy,47
dollar,47
gangsta,47
murder,46
lose,46
feeling,46
unit,46
wasn,46
lyrics,45
dance,45
change,45
fo,45
coming,45
actin,45
work,45
gang,44
room,44
heat,44
gold,44
broke,44
touch,44
guns,44
son,43
goes,43
motherfucking,43
scandalous,43
deep,43
makin,43
true,43
involved,43
mma,42
double,42
half,42
crunk,42
picture,42
lay,42
kick,42
homie,42
year,42
pussy,42
maybe,42
scared,41
eyes,41
aftermath,41
track,41
beats,41
fat,41
words,40
somebody,40
flow,40
outta,40
posse,40
mo,40
ice,40
kicking,40
el,39
spot,39
times,39
rich,39
legs,39
roof,39
cash,39
father,39
air,39
death,39
ho,39
door,39
days,39
knew,38
free,38
dont,38
save,38
ayy,38
puff,38
alright,38
monster,38
making,37
livin,37
wait,37
couple,37
paid,37
forgot,37
benz,37
help,37
dark,37
thang,36
record,36
crack,36
trust,36
bounce,36
fast,36
knows,36
feelin,36
doing,36
realest,36
light,36
brother,36
shots,36
rappers,36
town,36
looking,36
dough,35
eat,35
thinkin,35
fall,35
pass,35
rollin,35
years,35
beach,35
burn,35
pick,35
lord,35
forever,34
simple,34
hurt,34
minute,34
nuts,34
family,34
case,34
great,34
holla,34
everyday,33
doin,33
spend,33
business,33
second,33
wild,33
sleep,33
respect,33
platinum,33
rhymes,33
center,33
knock,33
gentlemen,33
bone,32
mother,32
dog,32
stand,32
hop,32
fresh,32
rolled,32
greatest,32
boys,32
sound,32
sex,32
tha,32
bit,32
jay,32
cube,32
butt,32
bump,32
model,32
ay,32
took,32
gave,32
reason,31
hip,31
beef,31
mama,31
block,31
liquor,31
trees,31
dope,31
mon,31
sun,31
ah,31
green,31
devil,31
buy,31
attention,31
million,31
peace,31
playin,31
bomb,31
shorty,31
drink,31
drive,31
slow,30
wake,30
saying,30
soul,30
grown,30
feat,30
corner,30
da,30
thank,30
moment,30
dream,30
album,30
running,30
speak,30
seat,30
shoes,30
sh,30
learn,29
looks,29
bigger,29
use,29
meet,29
list,29
grab,29
pump,29
met,29
follow,29
nate,29
kids,29
starting,29
brain,29
dj,29
fact,29
truth,29
momma,29
andre,29
rest,29
shake,29
lick,29
police,29
lost,29
control,29
today,28
school,28
records,28
worse,28
smashed,28
cake,28
crew,28
matter,28
wish,28
tear,28
cheese,27
crib,27
clothes,27
chrome,27
wanted,27
waiting,27
bus,27
fun,27
feels,27
dawn,27
write,27
easy,27
ring,27
women,27
takin,27
nah,27
grind,27
far,26
plus,26
pound,26
whoa,26
guy,26
york,26
sorry,26
kiss,26
cars,26
later,26
alive,26
cop,26
rockin,26
song,25
read,25
shotgun,25
haters,25
quick,25
songs,25
chest,25
sure,25
tired,25
ridiculous,25
does,25
buck,25
brought,25
dip,25
givin,24
trouble,24
neck,24
garage,24
snobby,24
push,24
daughter,24
plenty,24
suck,24
fear,24
bish,24
different,24
pac,24
hang,24
pimp,24
eighty,24
men,24
dusk,24
palm,24
havin,24
themes,24
sho,24
cool,24
outside,24
fly,24
dude,24
hits,24
lady,24
tape,24
trip,24
wha,24
phone,23
ridin,23
freak,23
collapse,23
drunk,23
blown,23
wreck,23
ones,23
noticed,23
yea,23
star,23
rip,23
sold,23
called,23
knees,23
obie,23
oooh,23
power,23
shut,23
mary,23
provide,23
decisions,23
wall,23
woo,23
poppin,23
rompe,23
tried,23
pen,23
mase,23
forget,23
punk,23
stick,22
open,22
kim,22
south,22
microphone,22
rough,22
doggy,22
window,22
thinking,22
red,22
job,22
taste,22
park,22
girlfriend,22
hangin,22
ghetto,22
understand,22
hair,22
bass,22
dreams,22
lungs,22
difference,22
feet,22
news,22
scratch,22
bullet,22
scream,22
paint,22
mom,22
heavy,22
fit,22
dawg,22
sucker,22
cd,22
villain,22
fine,22
sense,21
skin,21
trick,21
gat,21
late,21
perfect,21
fool,21
walkin,21
means,21
couldn,21
bed,21
funny,21
raise,21
kind,21
deal,21
loud,21
bag,21
nice,21
number,21
fame,21
pray,21
cock,21
welcome,21
bangin,21
dna,21
send,21
split,21
class,21
taking,21
crenshaw,21
studio,21
gimme,21
yes,20
fake,20
chain,20
bird,20
water,20
fell,20
road,20
figure,20
ends,20
locked,20
stuck,20
gauge,20
boogie,20
having,20
swing,20
boss,20
eye,20
ground,20
born,20
piece,20
stars,20
shine,20
morning,20
creep,20
thug,20
keys,20
tv,20
og,20
hoppin,20
clean,20
tomorrow,20
hoe,20
cops,20
smoking,20
conscience,20
past,20
middle,20
flippin,19
cup,19
talking,19
smile,19
known,19
candy,19
diamonds,19
crime,19
chronic,19
ol,19
rolling,19
que,19
guilty,19
evil,19
problems,19
grow,19
slip,19
kanye,19
ak,19
team,19
wet,19
soft,19
zone,19
raw,19
earth,19
single,19
anybody,19
playing,19
glock,18
holdin,18
riding,18
albums,18
bullshit,18
balls,18
worth,18
banks,18
grabbed,18
mile,18
map,18
cali,18
sean,18
showin,18
ashes,18
bags,18
combs,18
lock,18
lotto,18
quit,18
dup,18
rapper,18
hide,18
friend,18
criminal,18
aint,18
nu,18
bastard,18
law,18
key,18
sauce,18
rider,18
oogie,18
choke,18
itch,18
blew,18
notice,18
curse,18
stare,18
forth,18
happy,18
jimmy,18
flash,18
tricks,18
seeing,18
dub,18
honey,18
crowds,18
thriller,18
floor,17
demo,17
bought,17
safe,17
kelly,17
bullets,17
shows,17
turned,17
breath,17
loved,17
champagne,17
seats,17
wonder,17
millions,17
pockets,17
detroit,17
driving,17
neighborhood,17
movin,17
calm,17
whip,17
lips,17
looked,17
ok,17
wrapped,17
miss,17
church,17
pretty,17
bodies,17
chase,17
sippin,17
attitude,17
funk,17
leavin,17
smell,17
aww,17
table,17
grip,17
ggas,17
dirt,17
faith,17
worry,17
homeboys,17
shop,17
add,17
switch,17
thoughts,17
kinda,17
waitin,17
player,17
represent,16
watching,16
stupid,16
stunt,16
speakers,16
war,16
jesus,16
small,16
order,16
trippin,16
win,16
magic,16
pulled,16
40,16
grand,16
sweet,16
drama,16
plate,16
press,16
unless,16
lie,16
rhyme,16
kong,16
venom,16
limp,16
spray,16
raps,16
bat,16
screaming,16
bye,16
lead,16
sing,16
loose,16
lowrider,16
xzibit,16
chance,16
ways,16
leather,16
tight,16
weak,16
dum,16
draw,16
sitting,15
central,15
crowd,15
lift,15
changed,15
games,15
harder,15
land,15
squeeze,15
humble,15
enemies,15
hanging,15
smokin,15
fired,15
jones,15
finally,15
brooklyn,15
box,15
spitting,15
bow,15
jungle,15
kendrick,15
fault,15
bottles,15
grew,15
sign,15
played,15
guys,15
tone,15
strapped,15
product,15
carry,15
dumb,15
tahoe,15
babies,15
blaze,15
saw,15
screamin,15
questions,15
share,15
mental,15
mention,15
secret,15
moon,15
wrote,15
mc,15
addicted,15
zero,15
ye,14
brothers,14
fag,14
ran,14
thats,14
chillin,14
standin,14
children,14
puffy,14
works,14
acting,14
pad,14
toast,14
lives,14
17,14
ahead,14
fair,14
gives,14
swear,14
dirty,14
jail,14
level,14
busta,14
glass,14
sweat,14
says,14
tears,14
nerd,14
popular,14
mirror,14
grass,14
pissin,14
feed,14
tracks,14
week,14
juice,14
died,14
diddy,14
breakin,14
giant,14
bikinis,14
american,14
undeniable,14
color,14
building,14
travel,14
kicked,14
fore,14
dollars,14
clip,14
owe,14
clock,14
hail,14
killing,14
tall,14
bet,14
phat,14
company,14
finna,14
christopher,14
gods,14
critics,14
pounds,14
packed,14
community,14
seven,14
plan,13
sunday,13
buzz,13
camino,13
store,13
gats,13
buzzed,13
windows,13
signal,13
rain,13
akon,13
tree,13
ducking,13
dress,13
tellin,13
disease,13
bein,13
relax,13
missy,13
sell,13
special,13
psycho,13
crashed,13
artist,13
bizkit,13
speed,13
fools,13
food,13
crackin,13
killer,13
unforgettable,13
return,13
human,13
lane,13
angels,13
makes,13
hole,13
industry,13
nuttin,13
afford,13
washed,13
hov,13
raised,13
fuckers,13
sky,13
diamond,13
rule,13
blue,13
wow,13
killed,13
weapon,13
bank,13
lantern,13
lust,13
wallace,13
stamina,13
melt,13
blade,13
drank,13
jeans,13
cookie,13
boulevard,13
charge,13
fan,13
400,13
falling,13
position,13
faded,13
elliott,13
loco,13
chew,13
laying,13
calling,12
solve,12
gloves,12
playaz,12
weighing,12
vision,12
hes,12
float,12
introducing,12
santana,12
bumpin,12
dons,12
burbs,12
moanin,12
ear,12
golden,12
happen,12
consensus,12
elephant,12
truck,12
jokes,12
concrete,12
juelz,12
extended,12
pack,12
nation,12
stargod,12
group,12
handle,12
cray,12
undisputed,12
symbol,12
guessin,12
cking,12
kay,12
knowing,12
click,12
knife,12
state,12
precision,12
killin,12
jim,12
sales,12
pistol,12
baw,12
cap,12
story,12
fifth,12
veli,12
duck,12
reach,12
alarm,12
stable,12
begins,12
mister,12
begin,12
jack,12
mistake,12
feelings,12
coulda,12
valley,12
megamix,12
letter,12
stones,12
beast,12
headed,12
sent,12
cookies,12
tony,12
camera,12
shoe,12
apple,12
throne,12
1an,12
wave,12
summer,12
dig,12
pudgee,12
shooting,12
pleasure,12
mack,12
shh,12
strong,12
generation,12
ansere,12
monte,12
bitchin,12
14th,12
pole,12
ignorant,12
voice,12
bridge,12
luck,12
shoulda,12
strip,12
thugg,12
suckers,12
thrown,12
booty,12
blast,12
nose,12
gangstas,12
peric,12
witness,12
tie,12
bt,12
faggot,11
disgusts,11
army,11
venture,11
goodbye,11
plot,11
blind,11
cracking,11
vengeance,11
card,11
wide,11
meant,11
booth,11
wind,11
carlo,11
wife,11
murders,11
hopping,11
elephants,11
napalm,11
entered,11
train,11
hero,11
10,11
piss,11
wine,11
finger,11
bent,11
mark,11
nights,11
drivin,11
175,11
mushed,11
ruthless,11
players,11
nightmare,11
dro,11
sake,11
label,11
poppa,11
worcestershire,11
11,11
needle,11
toe,11
trio,11
success,11
stone,11
waddle,11
mood,11
hustle,11
health,11
dogs,11
nephew,11
chill,11
shook,11
parties,11
grey,11
standing,11
sawed,11
certain,11
aim,11
east,11
aight,11
jeep,11
hooked,11
quake,11
chickity,11
20,11
jordan,11
mac,11
struggle,11
throat,11
ren,11
taught,11
treat,11
snap,11
cashis,11
rapes,11
gangster,11
fellas,11
promise,11
chandon,11
concert,11
fans,11
elementary,11
popsicle,11
concerts,11
wack,11
muthaf,11
waco,11
thugs,11
vest,11
spin,11
dorado,11
44,11
wear,11
dangerous,11
lo,11
static,11
deserve,11
load,11
warm,11
vinyl,11
collision,11
kickin,11
redeem,11
squad,11
cliff,11
keeping,11
shitted,11
stress,11
barely,11
uncle,11
hours,11
nursery,11
vietnam,11
tough,11
longer,11
diabolical,11
classy,11
knowin,11
im,11
ballin,11
type,11
dot,11
reigned,11
inch,11
assaults,11
cross,11
mami,11
tusk,11
30,11
bands,11
wants,11
rally,11
rocks,11
cabbage,11
signs,11
thousand,11
mmm,11
slide,11
holding,11
assume,11
underneath,11
kissed,11
cell,10
charts,10
trice,10
stood,10
gin,10
imma,10
fade,10
row,10
brown,10
trey,10
hypnotize,10
bar,10
size,10
stacks,10
trend,10
2001,10
flesh,10
repeat,10
louis,10
clear,10
heaven,10
doors,10
sleepin,10
favorite,10
remix,10
sittin,10
walked,10
playa,10
motherfuck,10
bouncers,10
sunny,10
triggers,10
bay,10
tongue,10
wearin,10
sees,10
recent,10
cocaine,10
circle,10
wheels,10
misery,10
blowin,10
radar,10
triple,10
funds,10
climbin,10
boom,10
blacks,10
walking,10
hotter,10
hitting,10
joke,10
freeze,10
naw,10
circles,10
whinin,10
expose,10
crawl,10
hella,10
savage,10
limit,10
profit,10
broken,10
mosh,10
homey,10
takes,10
wassup,10
victory,10
explode,10
isn,10
po,10
career,10
plans,10
draws,10
promote,10
drinking,10
speakin,10
shoulder,10
queen,10
movie,10
lab,10
dressin,10
mess,10
startin,10
callin,10
pictures,10
finale,10
broads,10
enemy,10
rugged,10
pool,10
michael,10
icky,10
regular,10
deadly,10
arm,10
rowdy,10
months,10
rappin,10
timothy,10
action,10
quote,10
grinding,10
spun,10
vroom,10
cat,10
bond,10
anger,10
unconscious,10
riots,10
starts,10
trunk,10
coke,9
kilo,9
consider,9
twice,9
bail,9
units,9
harm,9
near,9
pride,9
mall,9
horn,9
naww,9
eh,9
status,9
swerve,9
pocket,9
slut,9
tip,9
boots,9
claiming,9
shimmy,9
joint,9
waste,9
hotbox,9
en,9
pulling,9
hated,9
steal,9
knuckleheads,9
laugh,9
offices,9
packin,9
hungry,9
backwards,9
observe,9
pickets,9
faces,9
blunt,9
justice,9
stink,9
tied,9
chick,9
scary,9
recite,9
12,9
slippin,9
arms,9
laid,9
showed,9
spoke,9
droppin,9
interscope,9
goddamn,9
nuh,9
shoulders,9
trailer,9
finish,9
sellin,9
caking,9
numb,9
foot,9
homeboy,9
necks,9
21,9
dropped,9
artists,9
peep,9
helped,9
lines,9
80,9
drug,9
gas,9
breathe,9
drugs,9
sta,9
simplistic,9
goose,9
lyrical,9
homeys,9
heezy,9
snatch,9
paris,9
drawers,9
attack,9
busy,9
rings,9
sad,9
losin,9
ghost,9
los,9
dome,9
lovin,9
bulletproof,9
moving,9
impala,9
bum,9
askin,9
gimmicks,9
inner,9
soldiers,9
insane,9
strength,9
burgundy,9
buried,9
imagine,9
aside,9
flat,9
plaques,9
instead,9
plaque,9
hill,9
pants,9
higher,9
loyalty,9
lyrically,9
banger,9
jealous,9
teeth,9
gap,9
pits,9
stage,9
corners,9
missed,9
fate,9
legit,9
maico,9
hustler,9
decent,9
decide,9
battle,9
uz,9
rape,9
watchin,9
freely,9
deck,9
urban,9
contact,9
ray,9
sip,9
sudden,9
popped,9
brains,9
stack,9
telling,9
survive,9
felt,9
westside,9
jackson,8
developed,8
asked,8
racist,8
muh,8
aye,8
twist,8
hittin,8
cuffs,8
holes,8
code,8
coverage,8
hammer,8
connect,8
conversation,8
smart,8
roc,8
ballers,8
wipe,8
racks,8
es,8
space,8
hurts,8
impressin,8
jewels,8
deuce,8
thrill,8
jewelry,8
mutherfucker,8
clue,8
tripping,8
teach,8
content,8
office,8
hailie,8
source,8
coastin,8
admit,8
sons,8
resolve,8
spending,8
tap,8
edge,8
kept,8
ja,8
point,8
hollywood,8
dare,8
whoo,8
early,8
heads,8
scheming,8
jammin,8
cough,8
dealin,8
spirit,8
mission,8
ella,8
workin,8
dice,8
afraid,8
hanger,8
plane,8
drown,8
digger,8
teenagers,8
mike,8
crossed,8
doubt,8
dreaming,8
trash,8
wrist,8
serve,8
eating,8
diz,8
hills,8
eatin,8
keeps,8
role,8
competition,8
hug,8
square,8
offend,8
alcohol,8
alleys,8
illest,8
hollow,8
pot,8
angry,8
temper,8
slap,8
detox,8
ounce,8
proof,8
strap,8
bush,8
loc,8
bury,8
web,8
noise,8
flip,8
steven,8
violent,8
violin,8
rep,8
mathers,8
gucci,8
losing,8
steppin,8
protect,8
match,8
rules,8
flows,8
suit,8
shouldn,8
pieces,8
lloyd,8
fingers,8
wayne,8
projects,8
famous,8
using,8
memory,8
gray,8
leaving,8
legend,8
layin,8
faggots,8
faster,8
cherry,8
cats,8
facade,8
saved,8
beggin,8
pretend,8
lifestyle,8
outro,8
pressure,8
ferrari,8
lighter,8
carlos,8
phase,8
benches,8
bricks,8
bumping,8
punch,8
blues,8
shock,8
nowadays,8
married,8
bodybag,8
pep,8
slapped,8
walks,8
address,8
mariah,8
riches,8
bleed,8
frikki,8
frontin,8
study,8
addict,8
fulla,8
demons,7
crash,7
hello,7
reality,7
singin,7
count,7
remind,7
jacket,7
dicks,7
country,7
casket,7
sin,7
fif,7
pops,7
products,7
court,7
treated,7
license,7
careers,7
fiend,7
search,7
raining,7
pullin,7
mask,7
ness,7
chamber,7
bobby,7
blunts,7
absurd,7
yawk,7
stomp,7
marajauan,7
grandma,7
authors,7
sexy,7
di,7
blog,7
lean,7
rise,7
jet,7
jaw,7
sister,7
tech,7
riders,7
beanie,7
aw,7
funky,7
sipping,7
swallow,7
ceiling,7
grady,7
dyke,7
beautiful,7
yankee,7
fed,7
tremendous,7
grace,7
belong,7
pushin,7
filthy,7
person,7
fresher,7
blazin,7
non,7
sand,7
math,7
mars,7
matches,7
assassins,7
paranoid,7
gangsters,7
tits,7
dad,7
woulda,7
marshall,7
dammed,7
wrath,7
damned,7
purple,7
pencil,7
2006,7
folks,7
2009,7
diss,7
bite,7
retarded,7
speaker,7
rag,7
norman,7
date,7
se,7
bored,7
reaction,7
woke,7
digits,7
semi,7
hennessy,7
rush,7
stuff,7
prolly,7
finished,7
fish,7
revenge,7
fix,7
berry,7
relate,7
mornin,7
glover,7
poetic,7
burnt,7
screw,7
maybach,7
lonely,7
weather,7
innocent,7
thuggin,7
gift,7
bunch,7
curb,7
grave,7
matters,7
major,7
spent,7
stretch,7
screen,7
cheap,7
miami,7
figures,7
presents,7
fad,7
whore,7
served,7
exist,7
chevy,7
age,7
twisted,7
pink,7
tattoos,7
stat,7
jumped,7
quarter,7
happened,7
bastards,7
slurp,7
conquer,7
twizzy,7
station,7
facts,7
stash,7
nut,7
slam,7
cho,7
katy,7
lap,7
collect,7
picked,7
chips,7
language,7
explain,7
underground,7
baddest,7
yesterday,7
advice,7
kush,7
barrel,7
clears,7
combination,7
yeezy,7
rapping,7
uhh,7
tan,7
clowns,7
jus,7
upside,7
pee,7
expect,7
stan,7
lamar,7
yayo,7
leader,7
clouds,7
steady,7
chopper,7
clown,7
closer,7
yep,7
skirts,7
constant,7
minutes,7
killers,7
powered,6
doe,6
tho,6
sidewalks,6
28mo,6
excellence,6
noodles,6
momentum,6
impression,6
39love,6
birds,6
dodge,6
gibberish,6
mercedes,6
daisy,6
browse,6
ctah,6
23,6
sigel,6
prove,6
encore,6
korn,6
24if,6
angel,6
webs,6
getcha,6
sprung,6
thompson,6
personalize,6
hips,6
colors,6
happens,6
recognize,6
doo,6
super,6
sacrifice,6
exorcist,6
amazon,6
pouring,6
od,6
cum,6
toot,6
flight,6
amazing,6
solutions,6
common,6
curator,6
wearing,6
moms,6
buns,6
38hail,6
slippers,6
nonsense,6
miles,6
34realest,6
redman,6
pablo,6
flo,6
stereo,6
osten,6
sharks,6
rob,6
saint,6
barriers,6
tea,6
ink,6
birthday,6
speaking,6
dive,6
yellow,6
denver,6
spilling,6
hah,6
future,6
kitchen,6
services,6
apart,6
bones,6
service,6
subliminal,6
nope,6
tips,6
question,6
mics,6
notes,6
evans,6
16runnin,6
dimes,6
climb,6
punisher,6
pulls,6
closed,6
staying,6
pill,6
wood,6
mansion,6
01hypnotize,6
tyson,6
pun,6
hotel,6
destroy,6
warrior,6
developers,6
devils,6
08dead,6
apps,6
blink,6
09house,6
boats,6
replace,6
kissin,6
wolves,6
spinning,6
seconds,6
twista,6
marks,6
lyricsthe,6
2011,6
2015,6
original,6
threw,6
breathin,6
overview,6
policy,6
preferences,6
evidence,6
policycookie,6
moves,6
lucky,6
envy,6
policyeulacopyright,6
ads,6
guidelines,6
clap,6
shout,6
ill,6
bread,6
short,6
decision,6
retire,6
subwoofer,6
mail,6
gunfight,6
hustlers,6
direction,6
freaks,6
worried,6
dear,6
hoo,6
deals,6
dealing,6
foul,6
form,6
macs,6
events,6
brand,6
stronger,6
forgive,6
suffer,6
experience,6
bia,6
beverly,6
covers,6
beginning,6
cases,6
ago,6
popping,6
harmony,6
course,6
patiently,6
weren,6
ey,6
coupe,6
ellis,6
potato,6
slugs,6
harvey,6
reginald,6
ski,6
chicks,6
dukes,6
8ball,6
bedroom,6
dudes,6
extra,6
venice,6
backs,6
sneak,6
fierce,6
cranberry,6
roun,6
cards,6
tariq,6
cracker,6
cracked,6
carl,6
large,6
liked,6
gorilla,6
rose,6
grindin,6
greener,6
grade,6
plain,6
uzi,6
pages,6
stole,6
jermaine,6
ahh,6
usually,6
ed,6
fangs,6
smack,6
quitter,6
contributors,6
contribute,6
peek,6
continuing,6
continue,6
chased,6
fallin,6
bathroom,6
haven,6
cook,6
hearts,6
rub,6
pity,6
wheel,6
representin,6
agreee,6
swam,6
joe,6
corn,6
bear,6
porsche,6
privacy,6
quo,6
ricomob,6
scar,6
aid,6
site,6
trigger,6
prison,6
banging,6
mini,6
groove,6
victim,6
64,6
writing,6
weight,6
alligators,6
verified,6
verify,6
henges,6
sticks,6
hennessey,6
skip,6
races,6
signed,6
auh,6
choose,6
allegiance,6
rocking,6
mixed,6
patch,6
poor,6
tu,6
fist,6
mjg,6
cage,6
firm,6
tragedy,6
tub,6
landed,6
cadillac,6
mcs,6
silly,6
flame,6
trapp,6
mob,6
44macs,6
crusaders,6
multi,6
flames,6
niggers,6
proper,6
cream,6
earthquake,5
percent,5
15,5
emotions,5
gutter,5
fitting,5
digging,5
grateful,5
yellin,5
stompin,5
able,5
phones,5
working,5
hoping,5
gain,5
pledge,5
swap,5
tank,5
springs,5
hearin,5
hmm,5
hospital,5
swag,5
established,5
halle,5
alpine,5
47,5
ac,5
groceries,5
wop,5
rights,5
sane,5
support,5
nuthin,5
plastered,5
habitat,5
stomach,5
easily,5
dial,5
roam,5
eddie,5
rims,5
roar,5
phony,5
horror,5
pastor,5
strangled,5
stomped,5
philly,5
gyeah,5
allowed,5
fucks,5
fives,5
rhythm,5
pistols,5
wrestle,5
aha,5
sub,5
nappy,5
named,5
flag,5
goldie,5
react,5
steam,5
wrap,5
advance,5
string,5
paying,5
suggest,5
animal,5
normal,5
holy,5
field,5
genius,5
murdered,5
adrenaline,5
gossip,5
affair,5
movement,5
thangs,5
payin,5
strike,5
exactly,5
mount,5
pimpin,5
yah,5
stilettos,5
personal,5
reached,5
zip,5
fightin,5
angeles,5
george,5
dizzy,5
range,5
heights,5
flying,5
surface,5
mud,5
yak,5
actually,5
sporadic,5
force,5
penis,5
agony,5
naughty,5
grows,5
911,5
france,5
greetings,5
hat,5
nets,5
freaky,5
muthafuckin,5
filled,5
drew,5
swerving,5
hooker,5
steel,5
nervous,5
stoop,5
90s,5
frame,5
pennies,5
rice,5
survival,5
scene,5
stroll,5
science,5
temp,5
peeled,5
satan,5
sunshine,5
muggs,5
disaster,5
test,5
sprayin,5
godzilla,5
swimming,5
dump,5
needed,5
bloodier,5
season,5
buster,5
bustin,5
curtains,5
cursed,5
awake,5
loaded,5
buyin,5
cab,5
sending,5
president,5
chosen,5
tossed,5
ounces,5
weenies,5
vibe,5
jam,5
lit,5
promised,5
benzes,5
listeners,5
bentley,5
royalty,5
winning,5
lipstick,5
busters,5
warning,5
jets,5
lack,5
bubble,5
clever,5
danger,5
queenie,5
settle,5
props,5
claimin,5
asking,5
sentence,5
virgin,5
mommy,5
prepare,5
learned,5
radio,5
awkward,5
assault,5
cutie,5
burning,5
burns,5
present,5
cuss,5
overseas,5
bussin,5
universal,5
cameras,5
tour,5
inspired,5
skam,5
checks,5
bee,5
older,5
cowards,5
meets,5
vamo,5
whats,5
invadin,5
sink,5
sinner,5
automatic,5
letters,5
cpt,5
lesson,5
primetime,5
menage,5
melody,5
charleston,5
whatcha,5
rope,5
leaves,5
regret,5
licorice,5
interviews,5
cheek,5
shall,5
cape,5
cost,5
capital,5
cryin,5
limelight,5
puttin,5
laughin,5
capture,5
couch,5
chicago,5
crumb,5
cousins,5
coughed,5
jackets,5
chi,5
jacked,5
crown,5
coup,5
skate,5
lies,5
snowmobiles,5
ups,5
ashamed,5
si,5
bringin,5
bless,5
borrow,5
rumors,5
public,5
luxury,5
post,5
bae,5
brick,5
breaks,5
kani,5
marijuana,5
bright,5
timbaland,5
bombs,5
pour,5
trophies,5
sheets,5
margiela,5
shells,5
orders,5
tints,5
brace,5
bait,5
confuse,5
journey,5
mid,5
spillin,5
cocked,5
brakes,5
spill,5
rumor,5
walkman,5
joy,5
pow,5
martinis,5
punches,5
truly,5
closely,5
constantly,5
opportunity,5
warren,5
opinions,5
appreciate,5
sleeve,5
condom,5
quite,5
defeat,5
shitty,5
ugh,5
precinct,5
vocal,5
mothafucker,5
turf,5
karl,5
twin,5
killa,5
mothafucka,5
houses,5
replay,5
wantin,5
dee,5
maggots,5
consequences,5
desire,5
keith,4
slice,4
slightest,4
ace,4
child,4
laughing,4
launching,4
schemin,4
powder,4
uhhh,4
cheddar,4
upper,4
poverty,4
fancy,4
situation,4
schools,4
turbo,4
prince,4
familia,4
leaguers,4
useless,4
league,4
energy,4
accept,4
leaf,4
pin,4
prime,4
enjoy,4
millenium,4
staring,4
pause,4
fail,4
piano,4
sergeant,4
uno,4
swish,4
quickly,4
escaped,4
coat,4
presence,4
guarantee,4
steps,4
cide,4
undone,4
escena,4
stepped,4
fumble,4
undertow,4
kurupt,4
slab,4
undercover,4
hahaha,4
spittin,4
esta,4
barkin,4
yg,4
classic,4
syrup,4
everytime,4
richer,4
knocking,4
clearly,4
bankhead,4
knocked,4
stayin,4
mexican,4
ohh,4
banana,4
gs,4
whitney,4
reggie,4
acid,4
mentally,4
grill,4
stingers,4
natural,4
swingin,4
choice,4
khakis,4
kitty,4
picking,4
basement,4
choo,4
pranksters,4
lamb,4
er,4
chose,4
hallway,4
pills,4
eric,4
hallelujah,4
christmas,4
route,4
nas,4
tah,4
baseball,4
yelled,4
base,4
robbed,4
actors,4
leanin,4
shakin,4
battles,4
strings,4
birth,4
rushin,4
focus,4
focused,4
loyal,4
shawty,4
vodka,4
provoke,4
broad,4
machine,4
bro,4
relevant,4
foolish,4
sugar,4
mass,4
penicillin,4
lying,4
forgettin,4
24,4
proud,4
bruise,4
brung,4
buildin,4
flock,4
remain,4
flood,4
sunglasses,4
sundress,4
billy,4
buds,4
shattered,4
noodle,4
flopped,4
floss,4
bucket,4
lovely,4
loves,4
brutal,4
brush,4
mash,4
shell,4
battling,4
bleeding,4
blastin,4
french,4
ripped,4
borramo,4
waking,4
friday,4
runs,4
ns,4
boo,4
suddenly,4
walls,4
risk,4
fuss,4
realize,4
bobbin,4
stuntin,4
bling,4
wanting,4
main,4
bothering,4
bougie,4
blame,4
shootin,4
braggin,4
suckin,4
magazine,4
fought,4
sucked,4
boyfriend,4
strut,4
sucka,4
fragrance,4
martin,4
penning,4
operating,4
freakin,4
punks,4
bouncin,4
waist,4
built,4
loot,4
bully,4
stores,4
catchin,4
surviving,4
lied,4
puzzled,4
stopping,4
government,4
singers,4
lifetime,4
beginnin,4
violate,4
commit,4
vegas,4
gots,4
storm,4
vehicle,4
fiendin,4
believed,4
captain,4
razor,4
van,4
stoppin,4
fee,4
lebron,4
oldies,4
sisters,4
fatha,4
nemesis,4
oven,4
private,4
beans,4
fatty,4
rubbing,4
celebrity,4
shade,4
celebrating,4
ruckus,4
feast,4
peel,4
stopped,4
shank,4
nicki,4
belly,4
ph,4
flagrant,4
sight,4
45,4
wee,4
videos,4
sap,4
giving,4
flashy,4
view,4
girlfriends,4
sidekick,4
flew,4
biatch,4
mattress,4
bien,4
loop,4
biggest,4
vida,4
mayhem,4
simmer,4
pushed,4
similar,4
belt,4
outlaw,4
outkast,4
lip,4
bend,4
calls,4
52,4
shape,4
versace,4
finest,4
ruger,4
vert,4
suppose,4
zombie,4
strand,4
ninety,4
commission,4
preach,4
committed,4
dupri,4
toby,4
obi,4
amoxicillin,4
hearse,4
duz,4
yap,4
sober,4
heartless,4
honeys,4
answers,4
cruise,4
toy,4
answer,4
parlay,4
aiyyo,4
rookie,4
winner,4
happenin,4
hi,4
daylight,4
pandemic,4
counter,4
section,4
root,4
rage,4
seductive,4
trending,4
jada,4
pointed,4
smoked,4
throwin,4
dippin,4
aimed,4
racin,4
debating,4
text,4
hook,4
mummy,4
crunch,4
award,4
directions,4
sea,4
tool,4
panties,4
yard,4
hype,4
rollie,4
eagle,4
muthafin,4
missin,4
honor,4
social,4
sendin,4
dying,4
dyin,4
corrupt,4
heavens,4
mistakes,4
snakes,4
invite,4
sport,4
ironic,4
selling,4
dapper,4
cribs,4
rae,4
parents,4
thots,4
hollerin,4
romance,4
worst,4
created,4
sniper,4
musk,4
snitch,4
yacht,4
invest,4
sack,4
reserved,4
scriptures,4
radioactive,4
rolls,4
drives,4
drippin,4
hen,4
dame,4
sounds,4
mtv,4
held,4
darkness,4
tons,4
covered,4
wits,4
patient,4
souls,4
moved,4
toes,4
dues,4
mucus,4
heel,4
duckin,4
coz,4
heels,4
dubs,4
traffic,4
threats,4
dat,4
toilet,4
pat,4
intimate,4
tre,4
crip,4
disrespect,4
drumming,4
crap,4
aware,4
tec,4
easier,4
winter,4
ello,4
slug,4
minimal,4
history,4
infamous,4
topic,4
cubes,4
screams,4
rib,4
confused,4
spinnin,4
parts,4
truce,4
thanks,4
hater,4
sag,4
hatin,4
jockin,4
eiht,4
jobs,4
hating,4
standards,4
bacardi,4
spread,4
hauled,4
motivation,4
denim,4
robin,4
wrickity,4
hopped,4
dopeman,4
amazin,4
influence,4
pon,4
par,4
afternoon,4
comp,4
quiet,4
jury,4
destruction,4
millionaire,4
tapped,4
inherit,4
hour,4
appetite,4
emergency,4
cuddling,4
approach,4
spite,4
minded,4
ate,4
wig,4
motion,4
muhfuckas,4
harlem,4
diapers,4
judge,4
soldier,4
hummer,4
bachs,4
definitely,4
partner,4
screws,4
dozen,4
mulholland,4
definition,4
conversate,4
instigator,4
considered,4
scoop,4
muthafuckas,4
muthafucka,4
pose,4
hung,4
crying,4
alls,4
moral,4
textin,4
poetry,4
spoil,4
def,4
smelled,4
smellin,4
passenger,4
ambulance,4
dinner,4
america,4
easter,4
mountain,4
miracle,4
ton,4
tripped,4
diggin,4
trois,4
indo,4
wrists,4
mold,4
hock,4
crystal,4
tinted,4
humongous,4
stamp,4
domino,4
pissed,4
tippy,4
rhyming,4
page,4
seize,3
max,3
mavericks,3
gnawed,3
glory,3
lorenzo,3
ghosts,3
lobby,3
independent,3
mayday,3
nod,3
lollipop,3
sights,3
matic,3
indecisive,3
giraffe,3
shy,3
maybachs,3
paranoia,3
glue,3
sides,3
script,3
sorta,3
spots,3
scribble,3
infinite,3
sounded,3
parade,3
passin,3
gay,3
soy,3
pens,3
shocked,3
maintain,3
note,3
saga,3
humor,3
humping,3
notch,3
san,3
hopin,3
marry,3
splurge,3
saggin,3
hunger,3
gank,3
magnet,3
hush,3
hookers,3
hustlas,3
risked,3
nos,3
shooters,3
makaveli,3
sherane,3
pardon,3
shizzle,3
hostile,3
function,3
runneth,3
manners,3
shines,3
saloon,3
options,3
splattered,3
horse,3
malibu,3
motha,3
fur,3
shhh,3
orange,3
stunned,3
hub,3
spins,3
spliff,3
fuzz,3
huddled,3
motel,3
object,3
hustlin,3
struck,3
hutch,3
mastered,3
pencils,3
lows,3
genocide,3
strictly,3
lowest,3
ignore,3
ii,3
movies,3
nuclear,3
loving,3
saddle,3
seeds,3
noon,3
showers,3
holler,3
illing,3
spark,3
images,3
spades,3
sposed,3
parked,3
shoutout,3
security,3
gate,3
strongest,3
mas,3
hypnotic,3
icey,3
icing,3
honkin,3
lyin,3
gasping,3
north,3
gatman,3
homicide,3
ideas,3
shed,3
parking,3
lurking,3
honest,3
mayne,3
stripes,3
massacre,3
month,3
models,3
stops,3
passports,3
scars,3
skunk,3
steve,3
headache,3
robbery,3
stereotype,3
jar,3
smirnoff,3
smiles,3
stains,3
patrick,3
jaws,3
kool,3
nauseous,3
message,3
slang,3
sac,3
kobe,3
guilla,3
smash,3
patron,3
jerry,3
knot,3
steelo,3
knockin,3
laces,3
smith,3
muthafuck,3
skis,3
skills,3
peas,3
stings,3
score,3
smooth,3
nature,3
heartbeat,3
overnight,3
skinny,3
laptop,3
mentor,3
lanes,3
laminates,3
lames,3
national,3
lainie,3
peach,3
lag,3
smoker,3
james,3
groupie,3
stages,3
merit,3
smalls,3
smaller,3
knight,3
mink,3
starving,3
kenny,3
midget,3
harmed,3
harley,3
slick,3
slid,3
muthafukas,3
pave,3
ny,3
sale,3
slizzle,3
milk,3
millionaires,3
starsky,3
jumpin,3
happiness,3
mystique,3
millennium,3
happening,3
pace,3
más,3
schooled,3
ju,3
jon,3
stealin,3
pavement,3
ow,3
mira,3
slash,3
kite,3
mi,3
mia,3
sluts,3
rover,3
jigga,3
habit,3
slay,3
haunt,3
servin,3
payback,3
killings,3
scheme,3
routine,3
johnson,3
offer,3
minor,3
hall,3
khalifa,3
slumped,3
mentality,3
skill,3
mayor,3
numero,3
shakur,3
nibble,3
hid,3
liftoff,3
ni,3
squared,3
multitask,3
media,3
pampered,3
snot,3
meditate,3
snoopy,3
laughed,3
saving,3
snithces,3
liberty,3
intro,3
meds,3
henny,3
liar,3
lexus,3
nerve,3
invade,3
lewinsky,3
simply,3
storms,3
shame,3
meantime,3
peers,3
ron,3
inhale,3
literally,3
silence,3
listening,3
mode,3
maze,3
hired,3
softer,3
paparazzi,3
moby,3
inspire,3
silverback,3
hims,3
socks,3
nigger,3
instrumentals,3
highness,3
lime,3
meanin,3
multiply,3
likes,3
path,3
snitches,3
lettin,3
grape,3
issues,3
stab,3
menace,3
sen,3
overhand,3
snappin,3
lazy,3
ivs,3
greasy,3
snapped,3
musical,3
sewer,3
lawsuit,3
laws,3
lavish,3
lauryn,3
nympho,3
stackin,3
heater,3
jackin,3
pedestal,3
greet,3
heated,3
sixteen,3
needs,3
megan,3
heh,3
graining,3
squee,3
invented,3
lesbians,3
lens,3
melee,3
squeezin,3
sirens,3
grams,3
invited,3
offed,3
palace,3
iraq,3
rubbed,3
sitted,3
iron,3
membrane,3
ropes,3
irony,3
pair,3
ish,3
leakin,3
snatchin,3
ocean,3
lend,3
stunts,3
wavin,3
throwing,3
dime,3
dillingers,3
birkin,3
dices,3
bitter,3
pure,3
wax,3
bizzles,3
direct,3
tick,3
determined,3
bk,3
tiene,3
blackbirds,3
blades,3
blank,3
destination,3
retard,3
bid,3
bleedin,3
begun,3
beams,3
beating,3
beatles,3
beer,3
thinks,3
playas,3
thirty,3
doesn,3
doctors,3
discussion,3
putting,3
divide,3
thou,3
regulate,3
distance,3
regulators,3
weeks,3
benzo,3
derail,3
punchlines,3
doug,3
book,3
bob,3
dedicated,3
titties,3
bogus,3
bold,3
wan,3
bonnie,3
dearly,3
dealers,3
boat,3
puke,3
dealer,3
boring,3
waited,3
points,3
poison,3
bouncing,3
bowl,3
deeper,3
boast,3
blessed,3
demand,3
depth,3
timbs,3
blessing,3
departed,3
blinded,3
wash,3
warriors,3
tint,3
poet,3
pulse,3
pumping,3
tippin,3
pumpin,3
blowing,3
tire,3
blows,3
deez,3
blur,3
doubts,3
downs,3
dawned,3
pipe,3
audemars,3
endangered,3
pinky,3
average,3
willing,3
elvis,3
ayyo,3
babe,3
piper,3
enjoyed,3
taylor,3
ego,3
eggs,3
piranha,3
backpack,3
pirellis,3
backstabbers,3
te,3
endure,3
enlighten,3
backyard,3
equivalent,3
estate,3
est,3
witcha,3
asshole,3
especially,3
wise,3
erykah,3
pillow,3
atlanta,3
pimping,3
taken,3
attila,3
enveloped,3
tale,3
tales,3
race,3
enter,3
wings,3
tearin,3
tease,3
battlin,3
basically,3
bare,3
driver,3
planets,3
drinkin,3
barrio,3
bars,3
based,3
dressed,3
wheelin,3
barbie,3
batch,3
whattup,3
bath,3
reunions,3
dragged,3
drag,3
battery,3
dpgc,3
dropping,3
tend,3
eastside,3
duper,3
badge,3
ease,3
ears,3
badu,3
bailin,3
dímelo,3
balcony,3
pivot,3
baller,3
drum,3
questionin,3
dummy,3
telly,3
bangladesh,3
whipped,3
queens,3
dry,3
temple,3
daz,3
puerto,3
ashanti,3
confiésalo,3
reminds,3
representing,3
cave,3
cease,3
poster,3
celebrate,3
celebratin,3
conflict,3
confidential,3
construction,3
confident,3
confidence,3
confess,3
potential,3
condo,3
cement,3
concept,3
computer,3
consequence,3
catching,3
tto,3
coochie,3
veins,3
carpet,3
triflin,3
vehicles,3
carrots,3
veggies,3
cookin,3
coogi,3
convinced,3
trips,3
convince,3
producers,3
remembered,3
controversy,3
remembers,3
contract,3
continues,3
vato,3
compromise,3
compose,3
professional,3
uhm,3
chigga,3
cluck,3
unique,3
tyrone,3
rent,3
chops,3
clique,3
clinton,3
um,3
prayers,3
unfair,3
cliché,3
prefer,3
pregnant,3
repay,3
cigars,3
claim,3
cker,3
price,3
prayer,3
tuck,3
charlie,3
tumble,3
competitor,3
tupac,3
comma,3
chances,3
print,3
ussé,3
powers,3
colored,3
remy,3
chasin,3
upstate,3
fullest,3
upset,3
tweaking,3
chemical,3
twenties,3
coffin,3
caring,3
cornered,3
bozack,3
brotha,3
cypress,3
brew,3
bridges,3
cuts,3
brighten,3
cushion,3
curve,3
relief,3
current,3
breeze,3
brow,3
torn,3
religion,3
bubbles,3
toss,3
bubbly,3
tote,3
bucks,3
release,3
respected,3
resist,3
dancin,3
daughters,3
dash,3
toke,3
polishin,3
darkside,3
dappadon,3
vultures,3
vuitton,3
dana,3
toned,3
brawl,3
breakneck,3
damien,3
breathed,3
damage,3
dallas,3
dale,3
daily,3
cuckoo,3
visit,3
porch,3
county,3
vices,3
craps,3
cranium,3
caesar,3
veteran,3
project,3
cousin,3
treaty,3
cam,3
buzzin,3
countless,3
campaign,3
verb,3
capable,3
trends,3
cappa,3
trial,3
resentment,3
creams,3
buying,3
pros,3
burnin,3
tourin,3
crush,3
bunnies,3
prophet,3
burger,3
burgers,3
burned,3
burners,3
tragic,3
trapped,3
crips,3
burst,3
popcorn,3
prophecy,3
popeyes,3
creepin,3
creatures,3
button,3
asleep,3
threesomes,3
rapped,3
pie,3
26,3
flee,3
anew,3
swollen,3
facial,3
exit,3
swoll,3
friendship,3
wont,3
fiends,3
angelo,3
foreplay,3
flop,3
yay,3
38,3
sufferin,3
friendly,3
woman,3
excuse,3
अक,3
agents,3
surely,3
73,3
summertime,3
figured,3
flavor,3
writin,3
wrongs,3
501,3
fatal,3
frisco,3
surfboard,3
figga,3
perform,3
swift,3
aren,3
area,3
3x,3
aimin,3
ricochet,3
phil,3
worldwide,3
forward,3
freebase,3
fred,3
flipped,3
al,3
younger,3
zoo,3
fornia,3
anyways,3
anti,3
feedin,3
suspicious,3
swinging,3
ringing,3
4x,3
fellowship,3
flies,3
flick,3
appeal,3
fabric,3
switchin,3
flicks,3
fetish,3
expensive,3
switched,3
fa,3
rifle,3
swishers,3
reduction,3
appalled,3
sunlight,3
phenom,3
fences,3
accounts,3
survived,3
final,3
worlds,3
fizzing,3
pete,3
ysidro,3
realized,3
arrived,3
fitted,3
footsteps,3
realise,3
ability,3
rakim,3
जव,3
rick,3
eventually,3
amber,3
sweater,3
wizzle,3
sé,3
fold,3
94,3
eve,3
wrestler,3
actor,3
16,3
zig,3
fizast,3
ranch,3
false,3
zeros,3
adrenalin,3
recollect,3
fucka,3
african,3
advantage,3
zany,3
fronts,3
perpetrate,3
80s,3
sufficient,3
realness,3
flaunt,3
findin,3
finding,3
recall,3
riddick,3
suicide,3
100,3
supreme,3
writer,3
woah,3
armed,3
flyin,3
evacuate,3
88,3
evolves,3
ex,3
tables,3
riddle,3
suffocate,3
flags,3
limo,2
needing,2
butler,2
canyon,2
accent,2
caped,2
canibus,2
linen,2
buttersworth,2
venus,2
busting,2
buts,2
cakin,2
progress,2
pronounce,2
cadillacs,2
neil,2
vibrated,2
rav,2
neighbors,2
vibes,2
negro,2
outfit,2
rats,2
youth,2
calico,2
verses,2
promises,2
listenin,2
caked,2
camp,2
cabrón,2
vice,2
liver,2
vicious,2
vicodin,2
nemisis,2
listener,2
bystanders,2
llaaaaaaac,2
victims,2
recently,2
programmin,2
scale,2
academy,2
cancel,2
yup,2
rave,2
burdens,2
busted,2
brothas,2
nasty,2
lowed,2
rumble,2
bruised,2
activator,2
reload,2
lovers,2
bub,2
scarface,2
loveless,2
rate,2
yolkin,2
buckin,2
acres,2
showdown,2
loungin,2
louder,2
buckshot,2
bud,2
buddhist,2
buddies,2
nascar,2
activists,2
bushes,2
bros,2
adapt,2
bride,2
orphan,2
nana,2
adam,2
released,2
rumbles,2
scatter,2
lunch,2
lunatic,2
psychiatrist,2
lumma,2
lucy,2
psych,2
releasing,2
bringing,2
provoked,2
voices,2
actual,2
brock,2
shove,2
os,2
lots,2
budge,2
visitor,2
villian,2
villains,2
limits,2
nazareth,2
loner,2
neal,2
sicka,2
sicko,2
village,2
villa,2
sider,2
ruined,2
accountants,2
rugs,2
rational,2
burnish,2
sie,2
loch,2
accident,2
youngin,2
property,2
osorio,2
lookie,2
bunk,2
vip,2
losses,2
ruler,2
yollup,2
achilles,2
buggin,2
ache,2
buisness,2
bull,2
remains,2
shred,2
villians,2
shrooms,2
violence,2
bumper,2
bumps,2
vintage,2
buncha,2
accustomed,2
loonies,2
vin,2
zag,2
process,2
outlawz,2
launchpad,2
lawyer,2
skeet,2
chemicals,2
sandman,2
nori,2
lawrence,2
unzip,2
prick,2
prices,2
lauren,2
unstoppable,2
22,2
chicka,2
unsigned,2
priceless,2
reading,2
2021,2
ऐस,2
skid,2
unloaded,2
lately,2
renee,2
lax,2
cheesecake,2
program,2
urge,2
learning,2
changing,2
channel,2
remove,2
usin,2
314,2
charm,2
ése,2
2x,2
urkels,2
leading,2
layers,2
leadin,2
ur,2
cheatin,2
le,2
lbc,2
upstairs,2
checking,2
29,2
chedda,2
removed,2
pretendin,2
ching,2
las,2
13,2
unfold,2
sample,2
chron,2
chu,2
royals,2
chubby,2
धक,2
chuck,2
chucky,2
laced,2
lace,2
larry,2
roy,2
rental,2
skunks,2
chunks,2
rear,2
understood,2
kyo,2
ky,2
underroos,2
underpaid,2
151,2
christ,2
laguna,2
chris,2
1985,2
chocolate,2
union,2
कह,2
uninspired,2
lanka,2
uniform,2
chokes,2
renge,2
pressed,2
landing,2
unh,2
chop,2
chopped,2
lame,2
chords,2
1800,2
skipper,2
18,2
skirtin,2
chorus,2
changes,2
405,2
santa,2
licks,2
proceed,2
cassius,2
numbers,2
nifty,2
vans,2
vanilla,2
catastrophe,2
700,2
lid,2
70,2
6th,2
valet,2
singing,2
licked,2
cater,2
vampires,2
64s,2
causin,2
liable,2
reminisce,2
zippers,2
outs,2
luv,2
lifin,2
lifing,2
casey,2
nerves,2
venomos,2
caps,2
outlet,2
savor,2
production,2
liking,2
9ers,2
likeness,2
carnage,2
netted,2
97,2
lightning,2
carries,2
rebirth,2
zimmerman,2
90,2
sincerely,2
cartel,2
8th,2
82,2
valleys,2
60,2
champion,2
zucchinis,2
cents,2
century,2
rubber,2
sarcophagus,2
cereal,2
cesar,2
vaccine,2
legendary,2
vacay,2
nipple,2
chains,2
valentine,2
legacy,2
chainsaw,2
chair,2
vacation,2
vacate,2
prisoner,2
vaca,2
chalupa,2
v8,2
41,2
ninna,2
ninja,2
rubberband,2
vain,2
valeho,2
ceilin,2
rebel,2
nightmares,2
lets,2
lethal,2
celebration,2
50k,2
nighttime,2
lessons,2
509,2
cells,2
nuisance,2
cellular,2
cellulite,2
leroy,2
sasquatch,2
celtics,2
nines,2
vale,2
cemetery,2
volvos,2
monie,2
addresses,2
meth,2
motive,2
banner,2
mhmm,2
motor,2
banquette,2
bans,2
bapped,2
apartment,2
meurice,2
ohhh,2
meteors,2
motivated,2
meteorologist,2
metatron,2
metaphor,2
ap,2
whimper,2
settin,2
seamstress,2
messin,2
messes,2
messed,2
apocalypse,2
serving,2
wicked,2
bald,2
whooping,2
regal,2
serial,2
balance,2
appears,2
mild,2
milan,2
mil,2
offspring,2
reebok,2
quicker,2
whipping,2
midnight,2
baliff,2
obstacle,2
woop,2
whistle,2
balloon,2
queer,2
whips,2
band,2
bandages,2
obscene,2
barking,2
barnes,2
beater,2
whateva,2
bauer,2
member,2
beam,2
meltin,2
whassup,2
olds,2
rusty,2
beasting,2
omega,2
ands,2
worker,2
beauty,2
meeting,2
shaded,2
quad,2
bedstuy,2
wouldnt,2
wesson,2
medicine,2
medication,2
anatomy,2
animals,2
anna,2
annie,2
oldest,2
mould,2
barricades,2
mere,2
mercy,2
regime,2
meow,2
bash,2
basic,2
mentions,2
olden,2
mentioned,2
mourn,2
basis,2
quat,2
anorexic,2
mouths,2
anonymous,2
annihilated,2
batman,2
bats,2
batter,2
woods,2
rybody,2
ornaments,2
arraignment,2
secretaries,2
winnin,2
mock,2
wizzass,2
arrest,2
odd,2
mobile,2
attempt,2
moan,2
attempted,2
moody,2
wins,2
mm,2
wining,2
mj,2
selfish,2
armstrong,2
moonshine,2
armor,2
attraction,2
morgue,2
secondhand,2
mockingbird,2
refill,2
milling,2
raiders,2
asap,2
asgard,2
monday,2
seein,2
monies,2
ashley,2
assassin,2
moments,2
artillery,2
monks,2
assholes,2
astronomer,2
mollied,2
assist,2
assistant,2
sacrificed,2
wishin,2
wishes,2
assumptions,2
occasions,2
segue,2
racking,2
rabbit,2
reflectin,2
qué,2
backing,2
wigs,2
backbone,2
backed,2
minors,2
minorities,2
quits,2
backin,2
separate,2
mossberg,2
wolf,2
wondering,2
aunt,2
backstroke,2
mothafuckas,2
appreciates,2
appreciated,2
mimickin,2
bacon,2
wifin,2
wonka,2
wifey,2
applause,2
mio,2
moses,2
moschino,2
babysittin,2
autograph,2
automobile,2
available,2
ave,2
aventadors,2
avenue,2
avenues,2
armageddon,2
avoiding,2
willy,2
awe,2
arguing,2
quizition,2
offended,2
axe,2
william,2
sentenced,2
argue,2
offense,2
miracles,2
obviously,2
wounds,2
beg,2
began,2
boiling,2
ahhhhhh,2
raped,2
bod,2
oral,2
bodied,2
boeing,2
muthafuka,2
ordered,2
makings,2
wannabe,2
yeahhh,2
muthafucker,2
makers,2
scold,2
salad,2
booed,2
boot,2
agent,2
bopping,2
muy,2
boricua,2
agenda,2
malpractice,2
yawnin,2
regularly,2
warn,2
scrapas,2
marajaun,2
blizzard,2
blocks,2
shift,2
yam,2
muslim,2
blonde,2
aka,2
bloody,2
blouse,2
scope,2
shinin,2
scored,2
opposite,2
option,2
maneuver,2
blueberry,2
managers,2
yan,2
opulence,2
pum,2
mainly,2
mvps,2
bother,2
breast,2
bras,2
shoppin,2
brat,2
shores,2
advil,2
voy,2
maaco,2
relatives,2
vouch,2
breaking,2
lyric,2
maim,2
breasts,2
yelling,2
rapture,2
breathing,2
scheduled,2
naked,2
lx,2
adies,2
nal,2
nam,2
mackin,2
advocate,2
yeezys,2
organic,2
shoestrings,2
puffing,2
boutique,2
mah,2
wade,2
magician,2
nwa,2
bowling,2
boyz,2
myers,2
myoho,2
recovery,2
mae,2
aftermizat,2
afro,2
monica,2
brag,2
braids,2
madison,2
puddles,2
brakin,2
marble,2
marbles,2
marcy,2
mausberg,2
weekend,2
berzerk,2
betta,2
betty,2
weave,2
maximum,2
maxi,2
bg,2
weary,2
purse,2
wrestled,2
alphabet,2
amateurs,2
shared,2
bigga,2
matterhorn,2
bih,2
matted,2
billboard,2
matrix,2
sharp,2
opened,2
mayo,2
skyline,2
ramen,2
benjamin,2
wept,2
raising,2
amused,2
mechanical,2
behave,2
behavior,2
meat,2
behold,2
beige,2
beings,2
amputating,2
believer,2
amnesia,2
ammo,2
meal,2
bell,2
wrecked,2
ben,2
weird,2
beneath,2
muggy,2
billin,2
billion,2
wasted,2
shenendoah,2
blackballed,2
alien,2
pup,2
watts,2
relapse,2
yack,2
scratched,2
alert,2
blasted,2
shenedoah,2
marley,2
weapons,2
murk,2
blazer,2
blazing,2
murked,2
sherm,2
oakland,2
marijuan,2
alarms,2
wastin,2
yaknowhati,2
alizé,2
xans,2
municipal,2
bizzy,2
mates,2
material,2
shave,2
openin,2
wealth,2
bis,2
biscuit,2
masterpiece,2
shay,2
bitchmade,2
almighty,2
master,2
masses,2
bites,2
mason,2
sheep,2
purchased,2
sheepskin,2
wynd,2
screamed,2
mumbling,2
civilians,2
twan,2
ck,2
places,2
tearing,2
stall,2
hawaiian,2
ee,2
effectively,2
efx,2
robot,2
hats,2
tax,2
eighteen,2
piping,2
hates,2
pipin,2
tattoo,2
elevate,2
tater,2
eliminate,2
stands,2
robocop,2
hash,2
elite,2
harry,2
pious,2
elohim,2
embarrass,2
task,2
embrace,2
hays,2
eastern,2
earned,2
teflon,2
st,2
drums,2
heffner,2
ducati,2
ducks,2
patience,2
dugout,2
duh,2
dummies,2
stacked,2
telephone,2
stacking,2
dusty,2
earn,2
tees,2
dutty,2
duty,2
rewinding,2
dwelling,2
hearing,2
teen,2
pitiful,2
healthy,2
headshot,2
earlobe,2
headphones,2
hardcore,2
embryo,2
target,2
pigs,2
escargot,2
stats,2
escorts,2
ese,2
hailey,2
eso,2
hahahaha,2
esophagus,2
pillage,2
richard,2
hadn,2
estamos,2
stayed,2
escapin,2
richie,2
está,2
gyration,2
gyrated,2
pig,2
ether,2
richmond,2
gwap,2
steak,2
evacuated,2
guts,2
gusty,2
escaping,2
escape,2
starboy,2
talks,2
emcees,2
tapes,2
tanya,2
tankinis,2
ending,2
pinch,2
tangerine,2
english,2
pimps,2
tallied,2
taller,2
handled,2
entertainment,2
salt,2
talked,2
paved,2
ep,2
hamptons,2
hampton,2
equate,2
halt,2
halo,2
era,2
erection,2
tail,2
erratically,2
revolver,2
heller,2
payday,2
sri,2
thrive,2
disconnect,2
honesty,2
spoon,2
discuss,2
homo,2
discussin,2
retired,2
disguise,2
dishes,2
slack,2
display,2
threatened,2
threaten,2
homage,2
disrespectful,2
holster,2
thousands,2
passengers,2
ditch,2
dixie,2
holiday,2
dkny,2
dm,2
thonged,2
dock,2
passes,2
plead,2
disappear,2
dis,2
digs,2
plug,2
horns,2
hornet,2
diary,2
rolex,2
hops,2
thumbing,2
thugster,2
dies,2
diet,2
retaliation,2
rodney,2
dilated,2
hoochie,2
thugging,2
rodent,2
hoopty,2
hoops,2
dine,2
hooligans,2
passed,2
ding,2
throws,2
dipping,2
hoofs,2
spookier,2
dodgin,2
playboy,2
spotted,2
henry,2
drawn,2
squares,2
squash,2
dreamin,2
dressing,2
dresta,2
dries,2
heroes,2
drift,2
reverend,2
heritage,2
herded,2
drip,2
hidden,2
terror,2
planet,2
reverse,2
hemi,2
drool,2
helpin,2
term,2
revived,2
drownin,2
revolution,2
squirrel,2
squirt,2
drawer,2
testing,2
hog,2
doorway,2
sprayed,2
dominoes,2
donald,2
rode,2
doobiest,2
doodle,2
plates,2
dookie,2
hizzon,2
sprinkle,2
plastic,2
doorsteps,2
sprinter,2
hides,2
doper,2
thanksgiving,2
dots,2
dove,2
dow,2
hinges,2
spunk,2
downtown,2
squabble,2
draft,2
pasted,2
highest,2
ta,2
stealth,2
hort,2
fisticuffs,2
stressing,2
flights,2
gi,2
flipper,2
ghoul,2
ghostly,2
sundays,2
gga,2
stretched,2
floors,2
persuasive,2
summon,2
fluoride,2
pena,2
summarize,2
persian,2
foe,2
perry,2
genes,2
generations,2
folk,2
gemini,2
pero,2
penetrate,2
geeked,2
sugared,2
stripped,2
rival,2
supercharged,2
flex,2
globe,2
fitty,2
goblin,2
gobe,2
fixed,2
goal,2
phantom,2
glow,2
pglang,2
rm,2
rihanna,2
petty,2
rin,2
global,2
ringin,2
straw,2
strays,2
supersonic,2
superpowers,2
glanced,2
supernova,2
flashing,2
given,2
giuseppe,2
flattery,2
girlies,2
flaws,2
strippers,2
football,2
forbes,2
fuzukin,2
subterranean,2
gambino,2
penny,2
gal,2
studded,2
students,2
rippin,2
gaffle,2
gabriel,2
frog,2
penthouse,2
su,2
stumbles,2
ripper,2
perfection,2
froze,2
stun,2
frozen,2
ripsta,2
frumunda,2
stuy,2
fuckas,2
fucker,2
fuel,2
sturdy,2
riri,2
gandhi,2
freeway,2
perms,2
permission,2
gators,2
forced,2
strobe,2
gather,2
stroke,2
forecast,2
riot,2
gassin,2
gassed,2
suffering,2
forgetting,2
forgiveness,2
fornication,2
ganged,2
fortune,2
suckas,2
fourth,2
gansta,2
fox,2
frank,2
ganked,2
succotash,2
ganja,2
stubs,2
freedom,2
period,2
peeps,2
fishes,2
gunshots,2
straightjacket,2
expecting,2
switches,2
explanation,2
roast,2
switchblade,2
explore,2
groovin,2
sticky,2
express,2
stiff,2
stiffen,2
expression,2
extreme,2
sting,2
swings,2
eyeballs,2
grin,2
grimy,2
grimey,2
eyed,2
eyeing,2
fab,2
swim,2
stinkin,2
faceted,2
stinking,2
swiftly,2
switching,2
expectancy,2
expand,2
sympathetic,2
gunshot,2
systems,2
systematically,2
gum,2
everythin,2
rico,2
steering,2
guide,2
guidance,2
stems,2
exact,2
example,2
picnics,2
growin,2
syllable,2
picks,2
stepping,2
guard,2
exclusive,2
swords,2
exempt,2
exhaust,2
payment,2
sword,2
exotic,2
growing,2
pedestrians,2
stir,2
rid,2
gorillas,2
riesling,2
gowns,2
felony,2
gourmet,2
fendi,2
ferris,2
surround,2
surrender,2
surprised,2
surplus,2
fiddy,2
gosh,2
surgeon,2
gracious,2
pharoah,2
stoute,2
stove,2
fighting,2
gones,2
fights,2
golf,2
filet,2
sur,2
fires,2
fireworks,2
straighten,2
graced,2
federal,2
greater,2
fantasy,2
fairy,2
pedigree,2
gravy,2
faithless,2
stock,2
photos,2
fakes,2
gratuity,2
falls,2
falsified,2
sweaty,2
fantasized,2
stomachs,2
february,2
fart,2
farther,2
swearin,2
fathers,2
grammy,2
swarming,2
swamp,2
swallowship,2
grail,2
swagger,2
suvs,2
features,2
thursday,2
homeless,2
nova,2
cristal,2
crates,2
cockin,2
crave,2
cockamamie,2
crawling,2
traumatized,2
trashin,2
tic,2
iphone,2
iovine,2
create,2
trap,2
cockadoodle,2
invitation,2
credibility,2
translation,2
rooted,2
transform,2
crews,2
pope,2
introduced,2
cries,2
kiddin,2
crashin,2
traveling,2
sneaks,2
treacherous,2
costner,2
council,2
countin,2
jackers,2
praises,2
counting,2
rosecrans,2
twins,2
snake,2
cow,2
cowboy,2
irv,2
ivene,2
cowboys,2
snaps,2
coy,2
treach,2
crabs,2
crackers,2
twitch,2
cracks,2
crankin,2
criminals,2
kidding,2
praise,2
palms,2
cryotherapy,2
kiki,2
towel,2
papa,2
coats,2
instagram,2
soda,2
csi,2
cuban,2
killas,2
poof,2
cubans,2
ty,2
touching,2
praying,2
clyde,2
clutchin,2
inse,2
insanity,2
ins,2
touche,2
clutch,2
preacher,2
instinct,2
towers,2
socked,2
toys,2
intervene,2
crome,2
kidnap,2
crook,2
crooked,2
tradition,2
trade,2
pools,2
trace,2
interests,2
coca,2
cobras,2
oxygen,2
intents,2
intentions,2
cruisin,2
cruising,2
crumbs,2
towns,2
insure,2
society,2
sock,2
jacking,2
smother,2
innocence,2
cons,2
column,2
condone,2
slidin,2
juan,2
repping,2
slowly,2
confront,2
joking,2
colt,2
trucks,2
confusing,2
joints,2
karats,2
join,2
connected,2
john,2
joey,2
connection,2
slums,2
karma,2
slur,2
connects,2
conquered,2
concern,2
conception,2
slot,2
reporting,2
ka,2
paces,2
slinging,2
comfy,2
kane,2
powell,2
como,2
tuned,2
compare,2
compared,2
package,2
juggernauts,2
junior,2
comb,2
slittin,2
sliding,2
complicated,2
jumps,2
jumping,2
reppin,2
conan,2
pots,2
kate,2
colorado,2
coster,2
consignment,2
trigga,2
slept,2
trifling,2
jd,2
coon,2
cooper,2
trifle,2
copped,2
pa,2
prada,2
coppin,2
triddy,2
smithereens,2
porno,2
core,2
kettle,2
porn,2
jailed,2
correct,2
kevin,2
corruption,2
roster,2
cos,2
cooky,2
smearin,2
portray,2
contemplate,2
kawasaki,2
practice,2
slicker,2
consume,2
smacked,2
consumer,2
keem,2
jeweler,2
cologne,2
reply,2
keepin,2
posed,2
controls,2
jest,2
college,2
collars,2
tuxes,2
convertibles,2
jerking,2
jerkin,2
jerk,2
collar,2
sleeping,2
cucarachas,2
tock,2
parter,2
spell,2
hydraulics,2
hydrants,2
debates,2
paroles,2
umbrella,2
debatin,2
clerk,2
decadence,2
decided,2
decides,2
roller,2
husband,2
repertoire,2
titanium,2
deeply,2
deepthroat,2
hurry,2
hurricanes,2
hurricane,2
hurra,2
hunting,2
clearer,2
hygienist,2
speeds,2
knives,2
id,2
responsible,2
ight,2
kneecaps,2
ig,2
daydreamin,2
parkin,2
species,2
identity,2
tots,2
idea,2
icy,2
hyphy,2
climbed,2
poke,2
deaf,2
deala,2
iced,2
iceberg,2
parliament,2
climate,2
hypnotized,2
clickin,2
parted,2
defeated,2
clips,2
tissue,2
spiral,2
clarice,2
deputy,2
spirits,2
howard,2
spiritual,2
hova,2
tilts,2
claps,2
result,2
knuckle,2
desperate,2
spitter,2
unda,2
houndin,2
hound,2
destiny,2
tiger,2
tienes,2
clackin,2
tickets,2
ticket,2
clack,2
deputies,2
depressed,2
timepiece,2
tion,2
define,2
hundreds,2
unanimous,2
hund,2
degrees,2
hun,2
humungous,2
claw,2
spike,2
dehydrated,2
demise,2
depending,2
humans,2
unavoidable,2
demon,2
spilled,2
poems,2
denny,2
hugh,2
knowledge,2
huge,2
dentist,2
dave,2
kaboodle,2
closest,2
cloud,2
closing,2
incredible,2
closin,2
customer,2
increase,2
incomprehensible,2
das,2
info,2
owes,2
cute,2
cumming,2
inclined,2
sotto,2
paralyzed,2
cutthroat,2
polluted,2
inadvertently,2
cv,2
tonka,2
clothing,2
tornado,2
slave,2
rome,2
curry,2
clubs,2
pollution,2
curtis,2
clubbing,2
sooner,2
killuminati,2
someway,2
precious,2
tools,2
parachute,2
curious,2
kings,2
curiosity,2
cloudy,2
sore,2
para,2
curvin,2
custom,2
toni,2
tops,2
impossible,2
ima,2
tombs,2
imitations,2
parent,2
rollout,2
spanish,2
imagination,2
respond,2
image,2
papi,2
cuff,2
politicking,2
tom,2
danes,2
kitten,2
tolerate,2
dank,2
illegal,2
danroy,2
politic,2
dap,2
czar,2
spaghetti,2
cul,2
ugly,2
sow,2
ing,2
damaging,2
solo,2
totin,2
clocks,2
southside,2
important,2
damm,2
dammit,2
remorse,1
renaissance,1
rows,1
replaced,1
risks,1
repaved,1
sally,1
report,1
risin,1
renegade,1
rendezvous,1
risking,1
rebellious,1
salma,1
repair,1
replica,1
rivers,1
rove,1
reasons,1
royalties,1
salir,1
repetitive,1
rovin,1
received,1
receive,1
ru,1
repituares,1
ringleader,1
ripping,1
salivating,1
recieving,1
salimos,1
rio,1
recliner,1
rite,1
rivera,1
rebound,1
renovate,1
rising,1
rrrrt,1
rr,1
reckless,1
recline,1
ringer,1
rizzy,1
risperdal,1
salem,1
royce,1
reincarnated,1
recorder,1
regardless,1
romper,1
rhapsody,1
regain,1
rex,1
regard,1
rocket,1
rewindin,1
rmg,1
rewind,1
romantic,1
rewardin,1
relaying,1
rocketpack,1
relationship,1
rocked,1
s5,1
sa,1
saabs,1
resolution,1
relieving,1
resolute,1
resisting,1
reloader,1
refused,1
refuse,1
ribs,1
resistin,1
ronnie,1
robe,1
resistance,1
refugee,1
responsibility,1
relations,1
revenue,1
relates,1
resume,1
resurrect,1
ruptured,1
reject,1
roley,1
resurrection,1
resulted,1
resuscitates,1
rodeo,1
restraint,1
rehabilitation,1
runny,1
restoring,1
rehab,1
runners,1
revelation,1
rumpelstiltskin,1
retreat,1
retreatin,1
retro,1
russell,1
regretting,1
rolleys,1
rust,1
restless,1
restaurant,1
reunion,1
rocky,1
rollies,1
revel,1
reloadin,1
rican,1
refriegerator,1
rectangular,1
reroute,1
redemption,1
required,1
roads,1
roadies,1
saints,1
rot,1
rotate,1
republic,1
reptor,1
reminded,1
recycled,1
reptilian,1
rides,1
reminiscin,1
ruder,1
riff,1
sakes,1
representao,1
rothstein,1
recruiting,1
recreatin,1
rotten,1
sal,1
roaches,1
salary,1
reminsce,1
recoup,1
rounds,1
reported,1
rude,1
ricochetin,1
robbing,1
reenacting,1
sacked,1
ruins,1
resilience,1
remedial,1
refills,1
referee,1
rooftop,1
sacks,1
rookies,1
saddam,1
residue,1
reeves,1
reside,1
rugrats,1
reenact,1
rescued,1
rooting,1
ricky,1
reefers,1
robbin,1
remedy,1
rosa,1
rueger,1
safety,1
roses,1
ross,1
reserve,1
roaming,1
resent,1
reduce,1
reel,1
stylish,1
salute,1
turning,1
truffle,1
trump,1
truthful,1
tube,1
tueres,1
tugging,1
tuli,1
tune,1
tunes,1
tunnels,1
turkey,1
turner,1
turnin,1
turnpike,1
tying,1
turns,1
tuscadero,1
tut,1
tux,1
tuxedos,1
tweak,1
tweetin,1
twilight,1
twirl,1
twirls,1
twisting,1
twitter,1
twos,1
truest,1
truddy,1
truckers,1
tru,1
treasurer,1
treats,1
treble,1
tremble,1
trench,1
tres,1
tribeca,1
tricked,1
tricking,1
triddip,1
triedest,1
tries,1
trife,1
triiick,1
trike,1
trill,1
trinidad,1
trinity,1
triplets,1
trizack,1
trl,1
trojan,1
trolley,1
troop,1
tropez,1
trophy,1
troublesome,1
tyin,1
tylenol,1
teachers,1
urgent,1
unleashed,1
unlike,1
unload,1
unoriginal,1
unquenchable,1
unsensitive,1
untapped,1
unwind,1
uo,1
uou,1
uphill,1
uppers,1
uptown,1
usher,1
typed,1
utah,1
uterus,1
utilize,1
va,1
vacant,1
vacations,1
vagabond,1
vagina,1
vague,1
values,1
vamonos,1
vampira,1
vampire,1
unknown,1
universe,1
united,1
unite,1
types,1
tyrannosaurus,1
tú,1
uckin,1
uhha,1
ultimate,1
ultrasound,1
umh,1
umm,1
una,1
unaware,1
unbelievable,1
unconcious,1
unconditional,1
undebatable,1
undo,1
undoubtedly,1
undress,1
undressed,1
unevadable,1
unfadable,1
unfolds,1
unguarded,1
unhealthy,1
unicorn,1
unidad,1
unieron,1
treasure,1
transvestite,1
transition,1
thirst,1
thai,1
thankful,1
thankin,1
thaw,1
theft,1
thelma,1
theodore,1
theory,1
thermometer,1
thesis,1
thicker,1
thief,1
thinner,1
thirteen,1
transisted,1
thizat,1
thongs,1
thor,1
threat,1
threatening,1
threes,1
threesome,1
thrifty,1
thrillin,1
thrived,1
throatin,1
throats,1
thrower,1
texas,1
tetris,1
testicles,1
testerosous,1
teared,1
teasing,1
techno,1
technology,1
ted,1
tediously,1
tee,1
teenage,1
teens,1
teeter,1
television,1
tells,1
temperature,1
temperatures,1
tempo,1
tengo,1
tennis,1
tens,1
tension,1
terminated,1
terms,1
terrible,1
terrific,1
terrorist,1
terrorize,1
testarossa,1
tested,1
thugged,1
thuggish,1
thugsta,1
togetha,1
tokyo,1
tolerance,1
toleration,1
tomb,1
tommorow,1
tongues,1
tonsils,1
toolio,1
toones,1
toothless,1
tore,1
tori,1
torso,1
tortured,1
totter,1
touched,1
touchin,1
toupée,1
tower,1
toxins,1
trackstar,1
traditional,1
trailin,1
trained,1
training,1
trampoline,1
transcend,1
tokin,1
toeing,1
thugstas,1
tody,1
thumb,1
thumbs,1
thumper,1
thumpin,1
thunder,1
ties,1
tigers,1
tighten,1
tightenin,1
tightening,1
tilt,1
tim,1
timing,1
ting,1
tiny,1
tipping,1
tisket,1
tit,1
tithes,1
tivo,1
tlc,1
tms,1
toasters,1
toasting,1
toda,1
toddler,1
todo,1
vandalizing,1
vanvonderen,1
vapors,1
wore,1
withouyt,1
witnessed,1
witnesses,1
witnessin,1
witout,1
witta,1
wives,1
wiz,1
wizard,1
wizzel,1
wizzy,1
woken,1
woofers,1
worked,1
whiter,1
worn,1
worries,1
woussup,1
wowzers,1
wrangler,1
wrappers,1
wreckin,1
wrecking,1
wreckless,1
wrestling,1
wright,1
wringer,1
xam,1
witchu,1
wished,1
wisdom,1
wires,1
whoevers,1
wholes,1
whooo,1
whoooo,1
whoop,1
widow,1
wieght,1
wiggle,1
wigglin,1
wilikers,1
willed,1
williest,1
willin,1
willona,1
wilson,1
wimbledon,1
winding,1
windpipe,1
windshield,1
wing,1
wink,1
winna,1
winners,1
winnie,1
wiping,1
wire,1
wireless,1
yackety,1
yaknow,1
yanuhtalkinbot,1
youthful,1
yummy,1
yung,1
zags,1
zales,1
zebra,1
zeroes,1
ziggie,1
zinos,1
zipped,1
zipper,1
zirconies,1
zod,1
zuchinis,1
आज,1
आत,1
इस,1
उड़,1
कर,1
करन,1
चल,1
ठन,1
धड़कन,1
पल,1
महफ,1
रत,1
शर,1
सम,1
yuh,1
youse,1
yappin,1
yous,1
yates,1
yayizzy,1
yeaaaah,1
yeahh,1
yearly,1
yearned,1
yearning,1
yeast,1
yeh,1
yell,1
yella,1
yellowish,1
yells,1
yen,1
yeshua,1
yessir,1
yi,1
yiayia,1
yip,1
yitty,1
yoga,1
yola,1
yonder,1
yosemite,1
youngster,1
youngsters,1
youre,1
whites,1
whistles,1
vats,1
voicing,1
visionary,1
visions,1
visiting,1
viste,1
visualize,1
vital,1
viva,1
vive,1
vivir,1
vma,1
vocalist,1
vocals,1
vogue,1
voila,1
whispered,1
volcanic,1
volcano,1
voletta,1
volkswagen,1
volts,1
vomit,1
vomited,1
vomittally,1
voodoo,1
vow,1
vrun,1
vulcano,1
vvs,1
virgins,1
viral,1
vino,1
villainously,1
vaugn,1
vaugsinio,1
vault,1
vean,1
veck,1
velcro,1
velocity,1
velour,1
ven,1
venomous,1
vent,1
verda,1
verdicts,1
verge,1
verizon,1
version,1
versus,1
vet,1
vettes,1
vey,1
vicinity,1
victoria,1
victories,1
victorious,1
video,1
vie,1
viendo,1
waaaaay,1
wad,1
wafers,1
wealthy,1
weddin,1
wedding,1
weekly,1
weezy,1
weigh,1
weirder,1
weirdest,1
welch,1
wellness,1
wes,1
wessy,1
westcoast,1
whack,1
whale,1
whatchu,1
whatnot,1
wheather,1
wheezing,1
whereabouts,1
whichever,1
whiff,1
whim,1
whine,1
whiplash,1
whirling,1
whirls,1
whisper,1
wears,1
weakness,1
wage,1
wc,1
wakin,1
wales,1
wandering,1
wang,1
wanktas,1
wann,1
wannabes,1
ward,1
warfare,1
warhol,1
warner,1
warnin,1
warp,1
warrants,1
washer,1
washrags,1
wasting,1
watched,1
watches,1
watchful,1
watermelon,1
waters,1
wattz,1
waves,1
waving,1
wavy,1
waxed,1
teachin,1
teacher,1
salvage,1
skippin,1
sippy,1
sips,1
sir,1
sis,1
sits,1
sizzler,1
sizzling,1
skeleton,1
skeletons,1
skeptical,1
skinhead,1
skinned,1
skins,1
skrrt,1
sleepwalking,1
skull,1
skullies,1
slammer,1
slanged,1
slangin,1
slanging,1
slapdance,1
slapping,1
slaps,1
slaves,1
slaving,1
sleeper,1
sleeps,1
sipped,1
sins,1
sinnin,1
sinkhole,1
shotty,1
shoul,1
shovin,1
showcasin,1
showing,1
shown,1
showoff,1
shrink,1
siamese,1
sicitive,1
sidewalk,1
sideways,1
sig,1
signalled,1
significance,1
signing,1
silent,1
silk,1
silliest,1
silver,1
simi,1
simmons,1
simplest,1
sinatra,1
sincerity,1
sinche,1
singlе,1
sleepwalker,1
slenderman,1
td,1
sockets,1
sniffing,1
snitched,1
snitchin,1
snoopin,1
snub,1
snuka,1
soak,1
soaked,1
soakin,1
soaking,1
soap,1
socas,1
soccer,1
socrates,1
slightly,1
softball,1
solamente,1
solemnly,1
solitary,1
soloist,1
solution,1
solved,1
sophisticated,1
soprano,1
sorcerer,1
sorrow,1
sorrows,1
sought,1
sniffin,1
sniffed,1
sniff,1
sneeze,1
slimie,1
sling,1
slingin,1
slipped,1
slipping,1
slit,1
slizzel,1
slogan,1
sloppy,1
slots,1
slowed,1
slowing,1
slugger,1
slumpin,1
sly,1
smackin,1
smacking,1
smashin,1
smelt,1
smokers,1
smoky,1
smuckers,1
snack,1
snail,1
snapping,1
snare,1
snatcher,1
shotas,1
shorts,1
shore,1
seasonal,1
scratches,1
screamy,1
screech,1
scrill,1
scrimmage,1
scripture,1
seagal,1
seal,1
sealed,1
seams,1
searchin,1
searching,1
seas,1
seasoned,1
shoots,1
seasonin,1
secretia,1
seed,1
seek,1
seeks,1
seep,1
seesaw,1
sega,1
seguir,1
seigel,1
selfie,1
selfishly,1
sells,1
scraps,1
scrap,1
scramblers,1
scoob,1
salvation,1
sam,1
samples,1
samurai,1
sanama,1
sandals,1
sandwiches,1
sani,1
santo,1
sat,1
satchel,1
saturated,1
saturday,1
sauer,1
savin,1
scales,1
scarred,1
scenario,1
scenic,1
scent,1
schemes,1
schmoe,1
scholars,1
schoolyard,1
scibby,1
scissors,1
scoffed,1
semitic,1
senior,1
senseless,1
shaking,1
shaping,1
sharpening,1
shaved,1
shawn,1
shedded,1
shelf,1
sheltered,1
shepard,1
shermed,1
shiddit,1
shield,1
shiftin,1
shifty,1
shiite,1
shingle,1
shining,1
shinnin,1
shiny,1
ship,1
shipped,1
shirts,1
shittin,1
shiver,1
shivered,1
shizzel,1
shoo,1
shooter,1
shanked,1
shaft,1
sentiment,1
shadow,1
sentimental,1
sentry,1
seperated,1
september,1
sequel,1
sequence,1
sera,1
serato,1
serenity,1
series,1
sermon,1
serpents,1
session,1
sets,1
setter,1
settled,1
seums,1
seventeen,1
severe,1
sewn,1
sexin,1
sha,1
shabazz,1
shack,1
shacked,1
shackled,1
shades,1
soulful,1
soulmate,1
soundtrack,1
supplying,1
sundance,1
suns,1
sup,1
superfly,1
superhuman,1
superman,1
supermodels,1
superstar,1
superstardom,1
superstition,1
suplex,1
supplied,1
supply,1
supported,1
stuffed,1
surfing,1
surge,1
surgery,1
surprisin,1
surrounded,1
survivalist,1
survives,1
survivin,1
sus,1
suspect,1
suspenseful,1
suzie,1
suzy,1
sunblock,1
sums,1
sumo,1
summit,1
stumbled,1
stumblin,1
stunners,1
stunting,1
stuntmen,1
stupendous,1
stupidity,1
stutter,1
styles,1
reapin,1
subject,1
subliminally,1
substation,1
subtract,1
subtractin,1
suburbia,1
suburbian,1
succeed,1
suckle,1
suede,1
sufficed,1
suffocates,1
suge,1
suited,1
suits,1
sum,1
summa,1
swaggin,1
swappin,1
swarm,1
taco,1
tad,1
taerin,1
taggin,1
tags,1
tailor,1
tailorfitted,1
tailspin,1
tais,1
talkative,1
talons,1
tame,1
tampico,1
tango,1
tanned,1
tapeworm,1
tapper,1
tasket,1
tasted,1
tastes,1
tat,1
tatted,1
tattooed,1
taunting,1
taxes,1
taylors,1
tch,1
tcha,1
tactics,1
tackled,1
sway,1
tackle,1
sweatin,1
sweeping,1
sweeter,1
sweetest,1
sweetie,1
sweetness,1
swell,1
swellin,1
swept,1
swig,1
swilling,1
swimmin,1
swirls,1
swisha,1
swisher,1
swore,1
syllables,1
symbiote,1
symptom,1
symptomatic,1
sync,1
syndrome,1
syrah,1
sólo,1
tab,1
taboo,1
tabs,1
stumble,1
studios,1
sour,1
squashable,1
splittin,1
splurgin,1
spock,1
spokes,1
sponsor,1
sporty,1
spotlight,1
spouse,1
spraying,1
spreading,1
sprite,1
spur,1
squander,1
squashed,1
stucky,1
squeak,1
squeaking,1
squeal,1
squeamish,1
squeezing,1
ssy,1
stabbed,1
stabbin,1
stacey,1
stacy,1
stagnant,1
stairs,1
stakes,1
splitter,1
splitted,1
splinter,1
splice,1
spa,1
spaced,1
spalding,1
spangled,1
sparkin,1
sparrow,1
spawn,1
spazzin,1
speaks,1
specialist,1
specialize,1
specialized,1
speech,1
speechless,1
speedin,1
speeding,1
spellings,1
spells,1
spelt,1
sperm,1
spewing,1
spice,1
spiffed,1
spiked,1
spilt,1
splat,1
spleen,1
stalker,1
stallin,1
stamps,1
stogey,1
stooge,1
storeys,1
stories,1
stormin,1
storytellin,1
strange,1
strangle,1
strangler,1
strangé,1
streetwise,1
streetz,1
stressed,1
stressin,1
stretcher,1
stretchin,1
stricly,1
strife,1
strikes,1
stripe,1
stripper,1
strippin,1
stripping,1
striving,1
strokes,1
struggled,1
struggling,1
stuart,1
stolen,1
stocks,1
stank,1
stockings,1
stapled,1
stapler,1
starin,1
starry,1
starter,1
starvin,1
stashin,1
states,1
statue,1
stealing,1
steep,1
steerin,1
stench,1
sternum,1
steroids,1
stevens,1
stevie,1
sticked,1
sticker,1
stickin,1
sticking,1
stillmatic,1
stingy,1
stinks,1
stint,1
stirs,1
stitches,1
reaping,1
00,1
reals,1
doggin,1
daves,1
dation,1
dating,1
dates,1
databases,1
dashed,1
dashboard,1
darts,1
darryl,1
darlin,1
dar,1
dante,1
danica,1
dang,1
dancer,1
danced,1
dan,1
damnit,1
dames,1
david,1
davidsons,1
daytonas,1
deception,1
degrés,1
deflect,1
definite,1
defenses,1
defense,1
defendin,1
dees,1
dedication,1
debbie,1
daze,1
debauchery,1
deathbed,1
dealt,1
deadin,1
deadbeat,1
deadass,1
dea,1
dazed,1
dam,1
dakota,1
dada,1
cucko,1
cunt,1
cunnin,1
culture,1
culo,1
cuerpo,1
cuddler,1
cuddled,1
cuddle,1
cuckier,1
cups,1
cubic,1
cubanos,1
cubano,1
cuatro,1
cuando,1
cryst,1
crypt,1
crushing,1
cupid,1
curfew,1
dab,1
customed,1
d12,1
cypher,1
cycle,1
cyanide,1
cutting,1
cuttin,1
cuties,1
customs,1
cussed,1
curl,1
curvas,1
cursive,1
cursing,1
curses,1
currency,1
curr,1
curling,1
curled,1
del,1
delate,1
delaware,1
dippity,1
discouraged,1
disco,1
disastrously,1
disappoints,1
disappointed,1
disappeared,1
directo,1
directly,1
dipper,1
discrimination,1
diplomat,1
diplomas,1
dion,1
dining,1
dim,1
dilo,1
dillinger,1
diller,1
discreet,1
discussions,1
dikembe,1
distress,1
doberman,1
dmx,1
djs,1
ditto,1
ditc,1
disturbing,1
disturbances,1
distribution,1
distant,1
disguised,1
disruption,1
disposal,1
displaying,1
disown,1
dismissive,1
dismissed,1
dismiss,1
disgusting,1
diligently,1
digress,1
delirious,1
deposit,1
desespero,1
deserves,1
desert,1
descent,1
descended,1
deprived,1
depression,1
deposits,1
depicts,1
designing,1
deom,1
dent,1
dennis,1
demonstrating,1
demensions,1
delivery,1
delivered,1
deliver,1
designer,1
despise,1
diff,1
devastating,1
diem,1
dictionary,1
dickie,1
dicen,1
diablos,1
diabetics,1
deville,1
develop,1
detonate,1
destined,1
deterred,1
determine,1
detergent,1
detention,1
destructing,1
destruct,1
destroyer,1
destroyed,1
crusader,1
crumpets,1
crumble,1
complexion,1
conans,1
compressed,1
compound,1
composer,1
composed,1
compliments,1
complimented,1
complicating,1
complex,1
conceited,1
complaints,1
complain,1
compelling,1
compact,1
communication,1
communicating,1
commercial,1
commentin,1
concealed,1
conceived,1
command,1
congratulation,1
connections,1
conmigo,1
conking,1
conjuring,1
conjoined,1
conisseur,1
congregation,1
congratulations,1
confusion,1
concentrate,1
confrontation,1
conflicted,1
confirmed,1
confidant,1
conference,1
conductor,1
condos,1
concerned,1
commandment,1
comió,1
consoloist,1
coasting,1
cocoa,1
cocky,1
cocktail,1
cocksucking,1
cocksucker,1
cockroaches,1
cockamanie,1
cobain,1
coasted,1
coherent,1
coal,1
coaches,1
coach,1
cnn,1
cluckhead,1
clucker,1
cluckas,1
clowning,1
cognac,1
coincide,1
comfortable,1
colonic,1
comeback,1
combine,1
combinacion,1
combiene,1
combative,1
columbine,1
colour,1
coloring,1
collins,1
coincidence,1
collard,1
collaborate,1
coliseum,1
coldest,1
colder,1
cola,1
cojer,1
coincidental,1
consideration,1
conspiracy,1
cru,1
crashes,1
creature,1
creatine,1
creased,1
crease,1
crazed,1
craze,1
crayon,1
crawlin,1
craig,1
creeped,1
crab,1
coward,1
coverin,1
covenant,1
couture,1
courvoisi,1
courtside,1
courage,1
credit,1
creeping,1
counterfeits,1
crocker,1
crowned,1
crow,1
crotch,1
crossword,1
crossroad,1
crops,1
crooks,1
crony,1
critique,1
creflo,1
criticize,1
critical,1
crispy,1
crisis,1
cripple,1
crimes,1
cried,1
cri,1
coupes,1
counselin,1
constructing,1
convalescent,1
coolio,1
cooling,1
coolest,1
cooker,1
conway,1
conviction,1
convict,1
conversations,1
controller,1
cooter,1
contradiction,1
contradict,1
contraception,1
continental,1
contemplating,1
contar,1
contagious,1
contacts,1
coop,1
cope,1
cougar,1
coroners,1
cotton,1
costly,1
cosa,1
corvette,1
corry,1
corrections,1
correctionals,1
corporate,1
coroner,1
copper,1
coronas,1
cornrows,1
corniche,1
coretta,1
cords,1
cordless,1
cordial,1
copping,1
dogghouse,1
doggystyle,1
clover,1
dolce,1
fears,1
fearin,1
feared,1
fe,1
fcc,1
faye,1
favs,1
favre,1
favourite,1
favors,1
favor,1
fatness,1
fatigues,1
fasta,1
fashion,1
fare,1
fantasize,1
fantasies,1
fam,1
feasible,1
feather,1
feca,1
ferraris,1
fifteenth,1
fields,1
fiddle,1
fiction,1
fiance,1
fi,1
fever,1
fetuses,1
feral,1
feces,1
fender,1
fence,1
female,1
fellatio,1
feka,1
fees,1
feeds,1
feeding,1
fallopian,1
fallen,1
fakin,1
existence,1
exposure,1
exposing,1
explicit,1
expertise,1
expects,1
expected,1
expectations,1
exorcise,1
existed,1
extinguished,1
execution,1
excited,1
excite,1
exchanged,1
excess,1
excellent,1
exceeds,1
exceed,1
extinguish,1
extraordinary,1
fakeman,1
facil,1
faithfully,1
faint,1
failure,1
failed,1
fags,1
fading,1
factor,1
facing,1
fabrics,1
extras,1
fabricate,1
fabolous,1
fables,1
eyelids,1
eyein,1
eyeball,1
exuberance,1
extrovert,1
fifties,1
fighter,1
fillet,1
forces,1
formulatin,1
formulate,1
formed,1
forgis,1
foreskin,1
foreigns,1
foreigners,1
ford,1
forbidden,1
forrest,1
footlocker,1
footage,1
foolin,1
fontaine,1
followed,1
folio,1
folding,1
foldin,1
forn,1
forsaken,1
focussed,1
frenchy,1
fro,1
frisk,1
frik,1
fright,1
fries,1
fried,1
friction,1
frequent,1
freestyles,1
forte,1
freebies,1
freddy,1
freckles,1
freaknik,1
fraud,1
foyer,1
fountain,1
foulest,1
folded,1
foaming,1
fillin,1
flack,1
flashin,1
flashback,1
flaps,1
flap,1
flank,1
flamin,1
flakes,1
flak,1
fizzy,1
flattered,1
fizzin,1
fizz,1
fiya,1
firemen,1
fingertips,1
fingerprint,1
finesse,1
fillings,1
flask,1
fled,1
foam,1
florida,1
flyers,1
fluorescent,1
flunky,1
fluke,1
fluid,1
flowers,1
flower,1
flossin,1
floored,1
flier,1
flooding,1
flooded,1
flocked,1
floats,1
floatin,1
flippity,1
flipping,1
flingers,1
exam,1
exaggeration,1
evils,1
dryer,1
dun,1
dumpty,1
dumping,1
dumped,1
dumber,1
dull,1
duets,1
ducked,1
drummond,1
dungeon,1
drugstore,1
druggies,1
drugged,1
drowsy,1
drowned,1
drove,1
drought,1
drops,1
dungarees,1
dunk,1
driveway,1
earl,1
eaze,1
eats,1
eaten,1
eastwood,1
eastcoast,1
earning,1
earnhart,1
earnhardt,1
eardrums,1
dunks,1
eagles,1
eager,1
día,1
dy,1
dwyane,1
dwell,1
dutch,1
duplicating,1
dropout,1
drivers,1
ebony,1
dondatta,1
doozie,1
doomed,1
dooma,1
doom,1
dooehouse,1
doobies,1
donna,1
dong,1
dominicanos,1
dose,1
dominicano,1
dominate,1
dominant,1
domestic,1
domed,1
dom,1
dolls,1
dolla,1
dopefiends,1
doubles,1
dripping,1
drano,1
drinks,1
drill,1
drifted,1
dresser,1
dreamlover,1
dreamed,1
drawin,1
drawed,1
dramatic,1
douches,1
draggin,1
dracula,1
dra,1
dpg,1
dozens,1
downin,1
downers,1
doughboy,1
ebola,1
echoing,1
evident,1
entré,1
erotic,1
erase,1
equal,1
epmd,1
epitome,1
episode,1
eon,1
environment,1
entrepreneur,1
errssss,1
entity,1
entitled,1
entirely,1
entire,1
enticing,1
entertainers,1
entertainer,1
enters,1
err,1
esas,1
enséñame,1
euphoria,1
evian,1
everlasting,1
event,1
evening,1
evenin,1
evaluation,1
evaluate,1
evade,1
ethiopian,1
escalator,1
eternal,1
esto,1
esthetics,1
este,1
estates,1
essence,1
esse,1
espn,1
entangled,1
enought,1
ecstasy,1
egytian,1
elevated,1
electro,1
electricity,1
elbow,1
elated,1
elaborate,1
ehhhh,1
ehehehe,1
egg,1
elevator,1
efforts,1
effort,1
eenie,1
education,1
edm,1
edit,1
edison,1
edgar,1
elevating,1
elevators,1
engines,1
empire,1
engine,1
endorsin,1
endorphins,1
endin,1
ended,1
encryption,1
encapucha,1
ems,1
empathy,1
elm,1
emotion,1
emm,1
emerge,1
emcee,1
emblem,1
embarrassing,1
embarrassed,1
elude,1
clownin,1
clout,1
reall,1
billboards,1
audience,1
audacity,1
attracts,1
attractin,1
attitudes,1
attire,1
attilla,1
attacks,1
atmosphere,1
atlas,1
atl,1
atkins,1
atilla,1
athlete,1
ath,1
atari,1
asylum,1
astrovan,1
astro,1
aught,1
auntie,1
authentic,1
axl,1
badder,1
backseat,1
backroom,1
backfires,1
bach,1
babysit,1
ayo,1
axles,1
awww,1
authenticity,1
awoke,1
awkwardest,1
awful,1
awards,1
avelli,1
autumn,1
automatty,1
autobiography,1
astound,1
asthma,1
asteroid,1
appointment,1
argument,1
arco,1
arc,1
ar,1
aqui,1
apron,1
april,1
approve,1
apply,1
armand,1
applies,1
apples,1
appetites,1
appearance,1
appealed,1
apparently,1
apparatus,1
apologize,1
ark,1
aroma,1
assured,1
ashante,1
assumin,1
assists,1
assed,1
asscrack,1
assassination,1
assassinate,1
aspire,1
asks,1
ash,1
arouse,1
ascended,1
arts,1
artifact,1
arrogant,1
arrodillao,1
arrive,1
arrested,1
aroused,1
badmouthed,1
baggage,1
bagged,1
befo,1
belittle,1
believing,1
believers,1
believable,1
begotten,1
beginnings,1
beginners,1
beggars,1
beeyitch,1
bench,1
bees,1
beers,1
beep,1
beefin,1
bedridden,1
becareful,1
bebe,1
bean,1
bellick,1
bendin,1
baywatch,1
beware,1
bienvenidos,1
bick,1
bias,1
bi,1
bezel,1
beyoncés,1
beyonce,1
bey,1
betted,1
benefit,1
betrayed,1
berries,1
bergdorf,1
beretta,1
benzino,1
benzetta,1
benji,1
benefits,1
bcbg,1
batty,1
baggin,1
baldheaded,1
ballpoint,1
ballistics,1
ballistic,1
balling,1
balled,1
bali,1
balenciaga,1
balding,1
balboa,1
bambaataa,1
baking,1
bakers,1
baker,1
baked,1
bake,1
bailiff,1
bailed,1
bahamas,1
bally,1
ban,1
battered,1
bartender,1
bathing,1
bates,1
basslines,1
basquion,1
basquiats,1
basking,1
basketball,1
bask,1
barry,1
bananas,1
barred,1
barbies,1
barber,1
barbeques,1
barbaric,1
bankin,1
bangs,1
banged,1
apologies,1
apes,1
apb,1
accelerants,1
achin,1
aces,1
accused,1
accountant,1
accomplished,1
accolades,1
accepted,1
accents,1
abyss,1
actavis,1
abusing,1
abusin,1
abusers,1
abused,1
abuse,1
abundant,1
absentness,1
abortion,1
acrobat,1
actitud,1
abernathy,1
adidas,1
adore,1
adopted,1
adolescents,1
admittedly,1
admitted,1
admire,1
adjusted,1
adjust,1
adhd,1
activate,1
adds,1
addicts,1
added,1
adams,1
actuality,1
actress,1
activity,1
activated,1
abomination,1
abank,1
advanced,1
19,1
22nd,1
213,1
211,1
2004,1
2003,1
2000,1
1st,1
1969,1
18s,1
3000,1
15th,1
14,1
112,1
10s,1
105,1
092,1
06,1
03,1
25,1
35,1
abandon,1
84,1
aaaahhh,1
aa,1
9mm,1
99,1
96,1
95,1
92,1
91,1
808,1
42,1
79th,1
69,1
600,1
560,1
500,1
4th,1
480,1
48,1
adorned,1
afeni,1
apache,1
amazes,1
amor,1
amg,1
americans,1
americana,1
amenities,1
ambitious,1
ambition,1
ambien,1
amazed,1
amsterdam,1
amaze,1
amateur,1
amanecer,1
altoid,1
altitude,1
altering,1
alpo,1
alphabetics,1
amplified,1
analogy,1
alondra,1
antenna,1
anytime,1
anyplace,1
anymore,1
antonyms,1
antisocial,1
anticipation,1
anthony,1
antes,1
ant,1
analysts,1
annoying,1
announced,1
angles,1
ang,1
andrea,1
ando,1
andamos,1
analyze,1
aloud,1
alloyed,1
affect,1
agitated,1
aids,1
ai,1
ahora,1
ahit,1
ahhh,1
ahaha,1
agua,1
agree,1
agility,1
airs,1
aggressive,1
aggravated,1
ages,1
afternoons,1
afta,1
afrika,1
africa,1
affiliation,1
airplay,1
airwaves,1
allowances,1
alibi,1
allow,1
alleyways,1
alley,1
allergies,1
allan,1
allah,1
alienate,1
alicia,1
alias,1
aisle,1
alexander,1
alcoholic,1
alcatraz,1
albino,1
alarmed,1
aks,1
ak40,1
aiyo,1
biggs,1
bin,1
clouded,1
bing,1
chainz,1
chad,1
ch,1
certified,1
certificate,1
centre,1
censor,1
cemeteries,1
cee,1
ceased,1
ceas,1
cbdbgz,1
cayenne,1
caved,1
caution,1
causing,1
causes,1
caused,1
caters,1
chalant,1
chalk,1
chalkin,1
charges,1
cheaper,1
chauvinist,1
chatter,1
chat,1
chasing,1
chartered,1
charli,1
charles,1
charged,1
challenge,1
character,1
chappell,1
chao,1
changó,1
changin,1
championship,1
champel,1
chalmers,1
category,1
catchy,1
catapult,1
canals,1
capri,1
cappin,1
capped,1
capitalize,1
capers,1
cangri,1
candle,1
canary,1
camcord,1
cara,1
callo,1
califonia,1
calientes,1
calicos,1
calculated,1
cal,1
cakewalk,1
cakes,1
captivating,1
carat,1
casualty,1
cartwright,1
casualties,1
casually,1
castro,1
castle,1
cassidy,1
cassette,1
casita,1
casino,1
cartwheel,1
carats,1
cartridges,1
carrying,1
carried,1
carpool,1
carpenter,1
carots,1
careful,1
carefree,1
cheat,1
cheated,1
cheating,1
circumstance,1
clacking,1
cks,1
ckin,1
civilized,1
civil,1
citizen,1
ciroc,1
circus,1
circuit,1
clam,1
cinnamon,1
cigarettes,1
cieniga,1
chyna,1
chya,1
chuparse,1
chunky,1
chump,1
clair,1
clapped,1
chromed,1
clienteles,1
clockwork,1
clockwise,1
clockin,1
clocked,1
clipped,1
clint,1
clingy,1
climber,1
cleveland,1
clappin,1
clearin,1
clearest,1
clearance,1
cleanest,1
claus,1
classmates,1
clash,1
claro,1
chromosome,1
christian,1
checked,1
chess,1
childbirth,1
chika,1
chidi,1
chico,1
chicken,1
chic,1
chewed,1
chester,1
cherish,1
chiller,1
cher,1
cheney,1
cheeto,1
cheerios,1
cheeks,1
cheech,1
checkmate,1
checkin,1
childhood,1
chills,1
chopping,1
choir,1
choppin,1
choosin,1
choosey,1
chonic,1
choking,1
chokin,1
chokehold,1
choked,1
chlamydia,1
chilly,1
chivalry,1
chit,1
chipped,1
chingy,1
chinese,1
chinchillas,1
chinatown,1
chin,1
caise,1
caine,1
cain,1
bocones,1
bonded,1
bombay,1
bolts,1
bolsillo,1
boldly,1
boil,1
boi,1
bocón,1
boca,1
boney,1
bo,1
bms,1
bm,1
blush,1
blueprint,1
blowup,1
blowback,1
bloomed,1
bonds,1
bong,1
bloodshot,1
bore,1
bowlin,1
bowels,1
bounds,1
bounces,1
bounced,1
bot,1
borrowed,1
borow,1
borderline,1
bonkers,1
boquita,1
booties,1
boostin,1
boosters,1
boost,1
booked,1
boogs,1
booger,1
bloodstain,1
bloods,1
boxes,1
bitty,1
blackness,1
blackjack,1
blacker,1
blackening,1
bla,1
bizzels,1
bizarre,1
biyitch,1
bittersweet,1
blah,1
bitten,1
bitin,1
bitching,1
birthplace,1
birthed,1
birdy,1
biotch,1
binoculars,1
blackstreet,1
blaow,1
blogs,1
blimp,1
blockbusters,1
bloah,1
blitzed,1
blisterin,1
blistered,1
blinds,1
blinding,1
blinders,1
blick,1
blasphemy,1
bleu,1
blessings,1
blessin,1
blending,1
blend,1
bleeds,1
bleachers,1
bleached,1
bows,1
bra,1
cagney,1
bundles,1
burner,1
buries,1
burglary,1
burglars,1
burden,1
burberry,1
burb,1
bung,1
bundle,1
buscando,1
bums,1
bumped,1
bummy,1
bullshitin,1
bullis,1
bullies,1
bulletholes,1
bulldozed,1
bursting,1
buscemis,1
build,1
cabin,1
caged,1
caesarean,1
caddillac,1
cadaver,1
cabs,1
cabron,1
caboodle,1
cable,1
cabanas,1
busily,1
ca,1
bys,1
buyers,1
butts,1
buttons,1
butcher,1
butch,1
buss,1
bulit,1
bugs,1
bracelet,1
braxton,1
brightest,1
bridgin,1
bridget,1
brett,1
brendley,1
breathren,1
breasteses,1
breakfast,1
bravo,1
brillo,1
bravery,1
brave,1
brandy,1
branded,1
brakeline,1
brake,1
braces,1
bracelets,1
brignac,1
brimstone,1
bugging,1
bruh,1
bugatti,1
buffering,1
buena,1
bueller,1
buddah,1
buckled,1
bs,1
bruto,1
bruff,1
brings,1
bruce,1
browsin,1
broom,1
bronxsay,1
broiler,1
brody,1
broadway,1
britches,1
fronting,1
frown,1
fruit,1
overlooking,1
neighbourhood,1
neighbor,1
negotiate,1
negocio,1
needy,1
needless,1
needles,1
necklaces,1
natives,1
nationality,1
nasa,1
nap,1
nanny,1
nanananana,1
nananana,1
names,1
nalgas,1
nakeds,1
nails,1
neighbours,1
neptunes,1
nesting,1
nikes,1
noche,1
noah,1
nitch,1
nirvana,1
niro,1
nintendo,1
nimble,1
niki,1
nike,1
neva,1
niine,1
nightcap,1
niggar,1
nickles,1
nicely,1
newsweek,1
newest,1
newborn,1
nahmean,1
nage,1
nada,1
mugster,1
murderer,1
murda,1
mumblin,1
mumble,1
mulino,1
mule,1
mujer,1
muhfucka,1
mugs,1
murderous,1
muero,1
mueller,1
mudhole,1
mu,1
msayin,1
ms,1
moët,1
mouthpiece,1
murderin,1
muse,1
nad,1
mutilating,1
mía,1
méxico,1
ménage,1
mythological,1
myth,1
mysterious,1
mya,1
muzzled,1
mutherfuckas,1
musically,1
muthafuking,1
muthafucking,1
muthafuckers,1
muthafas,1
muthafa,1
mustang,1
musta,1
musician,1
nodda,1
noose,1
norco,1
operation,1
orderin,1
optimos,1
optics,1
opposing,1
opportunist,1
opponent,1
opp,1
opinion,1
opera,1
orthodontics,1
opens,1
opening,1
onyx,1
omnipotent,1
olympics,1
offs,1
official,1
officers,1
ori,1
orthopedics,1
offers,1
outrageous,1
overload,1
overdose,1
overcrowded,1
ovary,1
ova,1
ov,1
outspoken,1
outrun,1
outerspace,1
oréal,1
outcome,1
oughta,1
otro,1
otra,1
otha,1
oscurida,1
oscar,1
osario,1
officer,1
offending,1
norfolk,1
novarra,1
numerous,1
nugget,1
nuff,1
nuance,1
noyz,1
nowww,1
november,1
novelas,1
nots,1
nutsack,1
notion,1
notic,1
notha,1
notepad,1
notebook,1
nostrils,1
nostrand,1
nosed,1
nurse,1
nuvo,1
odin,1
obstruction,1
odiamos,1
octomom,1
october,1
ocd,1
occurs,1
occurred,1
occur,1
obvious,1
obselete,1
nyc,1
obscenity,1
obliteratin,1
obituary,1
obediently,1
obama,1
oath,1
nyquil,1
nymph,1
mourning,1
mourge,1
mouf,1
matthew,1
mecca,1
meatballs,1
measure,1
mdma,1
mcdonald,1
maña,1
mayweather,1
mausoleum,1
matt,1
medal,1
matrimony,1
matics,1
mathematics,1
matematicas,1
mate,1
mata,1
masturbating,1
masterfully,1
med,1
medals,1
masks,1
melvin,1
menú,1
mentionin,1
menstral,1
menos,1
mend,1
memories,1
memo,1
membranes,1
mellon,1
median,1
melees,1
mel,1
mekhi,1
meho,1
meetin,1
meenie,1
meech,1
medio,1
masquerade,1
masked,1
mercer,1
mammy,1
maniacal,1
mania,1
manhood,1
manhattan,1
mangled,1
manevolent,1
mandarin,1
manager,1
mamis,1
manning,1
malibooyah,1
malibooya,1
male,1
malcolm,1
mal,1
maker,1
maison,1
maintenance,1
manifested,1
mano,1
mashing,1
marines,1
mashin,1
marvin,1
marvelous,1
marvel,1
martians,1
marriages,1
marriage,1
marino,1
marine,1
manslaughter,1
marilyn,1
margin,1
march,1
marathon,1
mapped,1
manure,1
mantle,1
manson,1
meo,1
merriam,1
motts,1
mole,1
monetarily,1
monch,1
mona,1
moma,1
mollies,1
moley,1
molestan,1
molesta,1
moldin,1
monogamy,1
mojo,1
moe,1
modest,1
modern,1
moderate,1
mockery,1
mobs,1
mizz,1
monkey,1
monotony,1
mixin,1
motherfucka,1
motown,1
motorola,1
motorist,1
motorcade,1
motivating,1
mothers,1
motherland,1
motherfuckas,1
mosque,1
monroe,1
mos,1
mortem,1
mortal,1
morphin,1
morgues,1
moonlight,1
monthly,1
monsters,1
mixing,1
mixes,1
messenger,1
midas,1
millenniums,1
millanips,1
milked,1
milf,1
mighty,1
miele,1
miedo,1
midst,1
microsoft,1
millionnaires,1
microphones,1
michelle,1
mice,1
mhm,1
mexicans,1
metro,1
metal,1
messy,1
millionnaire,1
mimi,1
mitochondrial,1
mislead,1
misusing,1
misunderstanding,1
mistress,1
mistook,1
missus,1
missing,1
missile,1
misplaced,1
misfit,1
minds,1
mischievous,1
miscellaneous,1
mis,1
mirrors,1
mire,1
minus,1
minimum,1
mines,1
overloads,1
overly,1
fry,1
overrate,1
pres,1
premium,1
premier,1
preliminary,1
prediction,1
predicted,1
predator,1
precipitation,1
preaching,1
preachin,1
pre,1
prayed,1
practicin,1
pov,1
pourin,1
poupon,1
potters,1
potion,1
posters,1
preserve,1
presidential,1
presley,1
prisoners,1
prodigy,1
procedure,1
problemo,1
probation,1
prob,1
pro,1
prive,1
prisons,1
prior,1
pressin,1
prints,1
prima,1
priest,1
pricks,1
preyin,1
prevail,1
prettiest,1
pressing,1
postcode,1
postcard,1
possibly,1
plushed,1
political,1
pokers,1
poked,1
pointless,1
pointin,1
poe,1
plymouth,1
pluto,1
plugs,1
politics,1
plugged,1
plottin,1
plies,1
pliers,1
pleasures,1
pleas,1
playstation,1
playlist,1
politicin,1
pollutin,1
possible,1
popo,1
possessive,1
possess,1
posing,1
posess,1
portia,1
portal,1
porcelain,1
por,1
pooper,1
polo,1
pooooow,1
pooh,1
poodle,1
pongo,1
ponder,1
poms,1
pom,1
polow,1
progression,1
promo,1
propongo,1
ralph,1
rapinos,1
rant,1
ranked,1
rangle,1
rang,1
ramp,1
ramirez,1
ramada,1
raisin,1
rappity,1
raises,1
rainy,1
rained,1
rail,1
raggin,1
raekwon,1
radiation,1
racked,1
rapist,1
rapunzel,1
racism,1
rawkus,1
realistic,1
readin,1
reaching,1
reaches,1
rd,1
raymond,1
raygun,1
rawls,1
ravin,1
rare,1
rattlesnake,1
rato,1
ratio,1
ratchet,1
rat,1
rasberry,1
rari,1
rarely,1
rack,1
raaaw,1
propositions,1
ptt,1
punctuation,1
pumped,1
puedan,1
puddle,1
pudding,1
puck,1
publishing,1
pub,1
pryor,1
pupil,1
pruno,1
provocative,1
proven,1
protege,1
protection,1
protectin,1
prostitute,1
prostate,1
puno,1
purchase,1
quoted,1
queden,1
quota,1
quiz,1
quittin,1
quiero,1
quieres,1
quiera,1
quicksand,1
quest,1
quats,1
purpose,1
qualified,1
quadruplets,1
pyjama,1
puzzle,1
puto,1
pushing,1
pursuit,1
purr,1
playdate,1
playbacks,1
platonic,1
partying,1
pastry,1
paste,1
passing,1
pasos,1
pasamos,1
pasamo,1
pasaje,1
pasadena,1
partyin,1
pathetic,1
partners,1
parte,1
parole,1
parmesan,1
parks,1
parker,1
parenthood,1
parental,1
patent,1
pathfinder,1
parasite,1
payless,1
peekin,1
peekaboo,1
pedro,1
pears,1
pealed,1
peacoat,1
paystub,1
pays,1
paydays,1
patients,1
paula,1
paul,1
paublo,1
patterns,1
patruise,1
patrone,1
patrol,1
patio,1
parece,1
paraplegic,1
peeping,1
owns,1
padres,1
padded,1
pact,1
packs,1
packing,1
pacing,1
oídos,1
oy,1
owned,1
pager,1
ovulating,1
overweight,1
overtime,1
oversized,1
oversee,1
oversea,1
overreactin,1
overrated,1
paged,1
painfully,1
paragraphs,1
pane,1
paragraph,1
paradin,1
papá,1
papers,1
pantheon,1
pant,1
pans,1
panicked,1
pancakes,1
painkiller,1
pale,1
pakistan,1
pajamas,1
pajama,1
paintin,1
painted,1
painless,1
painkillers,1
peepin,1
peg,1
plato,1
piff,1
pins,1
pinche,1
pimped,1
pillin,1
pile,1
piggy,1
pigeons,1
pigeonholed,1
pies,1
pips,1
pierce,1
pied,1
picasso,1
pibe,1
phrases,1
phrase,1
photoshop,1
photoshoot,1
pipes,1
pirus,1
photo,1
plaintiff,1
plasma,1
plantiff,1
plant,1
plannin,1
planned,1
plankin,1
plank,1
planes,1
plack,1
pistola,1
placenta,1
placed,1
placate,1
pj,1
pius,1
pitchfork,1
pitcher,1
pit,1
photographs,1
phonier,1
pegate,1
pensando,1
perfume,1
performin,1
perfecto,1
perfecta,1
perdamos,1
percentage,1
pepper,1
penélope,1
penitentiary,1
periphreal,1
penitentiaries,1
penetration,1
penetratin,1
pendejo,1
pelvis,1
pellets,1
pelican,1
peli,1
perils,1
perk,1
phizat,1
pf,1
phillipines,1
phillip,1
phillie,1
philles,1
phifer,1
phds,1
phd,1
pharaoh,1
pew,1
permitted,1
petite,1
petes,1
peter,1
pessimists,1
pessimistic,1
perv,1
perspire,1
perpetrator,1
maintainin,1
maintained,1
mainstream,1
maid,1
henn,1
hemmed,1
helps,1
helpless,1
helmets,1
hellmann,1
hellions,1
hellhole,1
heir,1
height,1
hehe,1
heenan,1
heed,1
hee,1
heckler,1
heazy,1
heavyweight,1
heavenly,1
heatin,1
hermès,1
heroin,1
heroine,1
hinge,1
hoards,1
hk,1
hizzy,1
hive,1
hitch,1
hisses,1
hippity,1
hipitty,1
hilarious,1
hesitation,1
hiiipower,1
highway,1
highlight,1
hiding,1
hicks,1
hibernate,1
hib,1
hiatus,1
heaters,1
hears,1
hearings,1
handkerchief,1
haps,1
happily,1
hannibal,1
handy,1
handsome,1
handshake,1
handling,1
handlin,1
handin,1
harcore,1
handicapped,1
handholdin,1
handheld,1
handguns,1
hammerz,1
hallways,1
halls,1
hallowed,1
harass,1
hardened,1
healin,1
havana,1
headliner,1
headbutt,1
haze,1
hazards,1
hay,1
hawk,1
hawaiin,1
havoc,1
haunts,1
harpo,1
haunting,1
haunted,1
haul,1
hatred,1
hatas,1
hasta,1
hasn,1
hashes,1
hoarser,1
hobby,1
hockey,1
hurtin,1
hypocrisy,1
hyped,1
hyp,1
hydroxycut,1
hydroplane,1
hustling,1
hushs,1
hurting,1
hur,1
icons,1
hunt,1
hunnid,1
hunna,1
hunch,1
humpty,1
humpin,1
hummin,1
hum,1
icee,1
icu,1
hugged,1
ike,1
imitation,1
imitating,1
imbedded,1
illusion,1
illin,1
illegally,1
illa,1
il,1
igual,1
idiot,1
ignorin,1
ignored,1
ignorance,1
ignition,1
ifs,1
iet,1
idol,1
idle,1
hugs,1
huffing,1
hogan,1
honestly,1
hoped,1
hootie,1
hoosd,1
hooptie,1
hooping,1
hooligan,1
hooks,1
hoodlum,1
homes,1
hopes,1
holsters,1
hollowtips,1
holic,1
holds,1
holda,1
hola,1
hogging,1
hoggin,1
hopeless,1
hopkins,1
huff,1
housekeeping,1
huevos,1
hublot,1
hubcap,1
huah,1
hrrk,1
hpnotiq,1
hovercraft,1
houston,1
hourly,1
hopscotch,1
hostage,1
hospitals,1
hosed,1
horseplaying,1
horny,1
hormones,1
hores,1
hora,1
halfway,1
halfs,1
hale,1
generous,1
gidget,1
ghouls,1
getto,1
gestures,1
gents,1
gentle,1
genre,1
genital,1
generate,1
gifts,1
general,1
genelec,1
gem,1
gelatins,1
geek,1
gee,1
gear,1
gds,1
gifted,1
giggle,1
gator,1
glows,1
goodfella,1
godmama,1
godfather,1
goddamnit,1
goddammit,1
goddamm,1
godd,1
goals,1
gloria,1
ginger,1
glocks,1
globetrotter,1
glistening,1
glide,1
glasses,1
gladly,1
glad,1
gips,1
gazing,1
gatling,1
goons,1
funkmaster,1
fuzzy,1
futuristic,1
futile,1
fuse,1
furthest,1
furs,1
furrow,1
furious,1
funked,1
g450,1
funkadelic,1
fum,1
fully,1
fuk,1
fugarme,1
fuerzas,1
fu,1
frying,1
g3,1
gabbana,1
gathering,1
gaping,1
gates,1
garrote,1
gargle,1
gardens,1
gardena,1
garden,1
garde,1
garbage,1
ganstas,1
gable,1
ganking,1
gankin,1
gangstaz,1
gangbangin,1
galore,1
gainin,1
gagosian,1
gage,1
goods,1
goops,1
hairs,1
grrt,1
guerrero,1
guerilla,1
guayaque,1
guaranteed,1
guap,1
guacamole,1
gta,1
gs3,1
growth,1
guest,1
grove,1
groups,1
groupies,1
groundhog,1
grossing,1
gross,1
grope,1
groovy,1
guessing,1
guests,1
grizzly,1
guzzle,1
hairdresser,1
hafta,1
hack,1
hacer,1
haaaaah,1
h2,1
gypsy,1
gyal,1
gust,1
guillotine,1
gushy,1
gushin,1
gushes,1
gunnin,1
gunners,1
gumbo,1
gulp,1
guitar,1
grooves,1
grits,1
goshdamn,1
grad,1
gran,1
gramp,1
grammar,1
gram,1
graffiti,1
graduating,1
graduated,1
gradually,1
grabbin,1
grandes,1
governor,1
gout,1
gotti,1
gotten,1
gottem,1
gotsta,1
gotham,1
gospel,1
granddaddy,1
grands,1
grippin,1
greenest,1
grinning,1
grinned,1
grillin,1
grievance,1
grief,1
greyhound,1
grenades,1
greens,1
greedy,1
granny,1
greed,1
grease,1
gravity,1
gravesite,1
graves,1
grater,1
grapes,1
granted,1
immaculate,1
immature,1
immediately,1
leaders,1
lefty,1
leech,1
lee,1
leash,1
leaking,1
leak,1
leagues,1
leafs,1
layzie,1
legged,1
lays,1
layed,1
lawsuits,1
lawn,1
laundry,1
launcher,1
latino,1
latex,1
legally,1
lego,1
latchin,1
letting,1
lifeline,1
lids,1
lickin,1
liars,1
lewis,1
levitating,1
lever,1
levels,1
letdowns,1
leinart,1
les,1
leopard,1
lennox,1
000,1
lench,1
lemons,1
lemonade,1
lemme,1
laters,1
latched,1
liftin,1
kit,1
knots,1
knocc,1
knifes,1
knick,1
kneel,1
knee,1
kizzack,1
kites,1
kisses,1
koch,1
kishore,1
kirk,1
kingston,1
kin,1
kilos,1
killjoy,1
kidney,1
kidnappers,1
kobie,1
krayzie,1
latch,1
ladder,1
lash,1
laser,1
landslides,1
lance,1
lam,1
lakim,1
lake,1
laden,1
lacks,1
krypton,1
lacey,1
lac,1
labour,1
labels,1
kwame,1
kurt,1
kurrupt,1
kung,1
lifted,1
lifting,1
khaki,1
lousy,1
lumps,1
lucked,1
lucifer,1
lucas,1
ls,1
lp,1
lovingly,1
lover,1
louie,1
lunchtime,1
louboutin,1
lou,1
lottery,1
loss,1
loso,1
lords,1
lopsided,1
looting,1
lunchline,1
lurks,1
loops,1
macks,1
mai,1
magnum,1
magdalene,1
magazines,1
madonna,1
madman,1
madhouse,1
macosaca,1
machete,1
luther,1
mace,1
mac10,1
m3,1
lyor,1
lye,1
luxuries,1
luxe,1
luuuuuuv,1
looters,1
loooos,1
lifty,1
link,1
liters,1
listo,1
listened,1
lisa,1
liquid,1
lion,1
linnas,1
links,1
lined,1
lived,1
lincoln,1
limited,1
limita,1
limbs,1
limb,1
lightnin,1
lightin,1
lighters,1
liu,1
llac,1
looky,1
locks,1
looker,1
longevity,1
longev,1
london,1
lolos,1
loko,1
lois,1
logic,1
lockin,1
llama,1
lockers,1
lockdown,1
lochness,1
local,1
loafers,1
loadin,1
lmfao,1
llelo,1
kicks,1
kennel,1
immigrants,1
instutionalized,1
intercourse,1
interact,1
intentionally,1
intelligent,1
intelligence,1
integra,1
insurance,1
insults,1
instrumental,1
interference,1
instant,1
installed,1
inspiring,1
inspirations,1
inspiration,1
inspira,1
insomnia,1
insides,1
interesting,1
internal,1
inquire,1
invasion,1
irreparably,1
ironik,1
iris,1
ipswich,1
ipod,1
invisible,1
investment,1
inventory,1
introduce,1
internally,1
intoxicated,1
intimidate,1
intimidarte,1
intervention,1
interstate,1
intersection,1
internet,1
international,1
insecure,1
innovative,1
islands,1
importa,1
income,1
incline,1
incineratin,1
incase,1
incarcerated,1
impulse,1
impregnated,1
imported,1
implore,1
indecent,1
impersonating,1
imperial,1
imperfection,1
imperfect,1
impale,1
immortality,1
immortal,1
immobile,1
increasin,1
index,1
inheritin,1
infesting,1
ingredient,1
inglewood,1
infrared,1
information,1
influenced,1
inflated,1
inflatable,1
infinity,1
inferior,1
indicte,1
infection,1
indy,1
industria,1
inducted,1
induct,1
individuals,1
indite,1
indictments,1
irs,1
isleys,1
kennedy,1
jot,1
jumbotron,1
july,1
julliard,1
juggernaut,1
judges,1
judgement,1
judged,1
jt,1
josie,1
jungles,1
josh,1
joseph,1
jokin,1
jokers,1
jocking,1
jock,1
joc,1
jingle,1
june,1
junkie,1
jibba,1
kamikaze,1
keeper,1
keeo,1
keaton,1
kato,1
karat,1
kap,1
kansas,1
kang,1
kam,1
juss,1
kahlúa,1
kaboom,1
k9,1
jеt,1
jux,1
juvenile,1
juuging,1
juugin,1
jig,1
jheri,1
issue,1
jabbed,1
jake,1
jaguars,1
jade,1
jacuzzi,1
jacob,1
jacks,1
jackpot,1
jacker,1
jabba,1
jamming,1
izzon,1
izz,1
izuzu,1
ivory,1
iv,1
itll,1
itching,1
isuzu,1
jamaicans,1
jams,1
jfk,1
jefferson,1
jeweller,1
jettin,1
jesús,1
jessy,1
jessica,1
jellyfish,1
jehovah,1
jeffrey,1
jeff,1
japan,1
jeezy,1
jealousy,1
je,1
jazz,1
jason,1
jas,1
jars,1
japanese,1
ज़र,1
